,comment_text,comment_date,comment_time
0,快跑，别回头,03-20 19:55,03-20
0,指数1000和2000真是强劲，轻仓大盘股,03-20 19:57,03-20
0,本周若能站稳14.58我就回来,03-20 20:06,03-20
0,10派0.4，一万股四百块？牛批,03-20 20:13,03-20
0,东财向腾迅学习学习，回购已达1000亿，占利润的三分之二。另东财后台不要乱删，对自己不好的负面评价就是删。怎么这么摆不到台面啊！,03-20 20:35,03-20
0,东方财富不是我要吃的菜上次13.72元卖的（没有卖在高点），今天又捡回来了,03-20 20:41,03-20
0,大家东财的佣金都多少，有没有优惠开户的,03-20 20:45,03-20
0,怒长一分,03-20 21:02,03-20
0,货没出完,03-20 21:04,03-20
0,我经常打开K线看看去年冲到18.40元的那根日K线、很渴望不知道哪天才达到,03-20 21:05,03-20
0,转发,03-20 21:07,03-20
0,谁知道东财大模型怎么用？,03-20 21:11,03-20
0,真的搞不懂，隔壁空头信天天做空，东财年报也是在券商里面交作业算早的。但是从今年IPO的承销来看，明显减缓，业绩预期还是东财好，为什么不涨？,03-20 21:13,03-20
0,//,03-20 21:13,03-20
0,证监会发布《关于加强上市公司监管的意见(试行)》。意见提出，上市公司以现金为对价，采用要约方式、集中竞价方式回购股份并注销的，回购注销金额纳入股利支付率计算。,03-20 21:24,03-20
0,理该补涨,03-20 21:26,03-20
0,明天大跌没商量。,03-20 21:31,03-20
0,今年1季度北向减持2亿股，还在持续流出，这是东方财富不涨的原因,03-20 21:53,03-20
0,东方财富以前从来不套散户的，是散户们中的《券茅》，不知道最近怎么回事呀。看其它多涨幅都大了，只有券商没动。假如是小牛市，券商股不动？东财也不动？妙想也是AI金融大模型。,03-20 22:08,03-20
0,今天微涨一分，明天跌2角。涨一天跌三天，熊，熊，熊。,03-20 22:19,03-20
0,AI+金融,03-20 22:45,03-20
0,东财就靠利好活着了，利好一兑现，第二天就跌回去,03-20 22:50,03-20
0,神预言，明天上14元整,03-20 23:12,03-20
0,机构一直在券商板块里吸筹码，因为以往每一波像样牛市行情确定，都是以券商板块的精彩而不断上涨，券商板块会迟到，但一定会来！这个过程很让人难受。各位拿好筹码，等待吃肉。,03-20 23:15,03-20
0,大家手续费是多少，新手问问,03-20 23:40,03-20
0,大主力有高手操盘，19年和22年出现过,03-21 00:20,03-21
0,16.36,03-21 00:29,03-21
0,今天13.71补了两万股，买的太高了,03-21 01:11,03-21
0,成交量一浅两深，玩儿的舒服,03-21 01:53,03-21
0,今日证券板块缩量回踩昨日跳空缺口上沿位置，且收在颈线位上方，明日缺口是否回补就成判断证券板块强弱标准！东财突破双底颈线位后在右侧箱体内横盘整固，二次回踩三个交易日，比一次回踩用时少一半，第三次回踩两个交易日足矣，也说明区间浮动筹码越发干净！当主力建仓期收集到一定筹码后，通过试盘发现抛压，需要对这里筹码进行清洗，通常两种方法:一是在不增加成本的情况下增持筹码，所...,03-21 04:50,03-21
0,东方财富股价想涨上去，建议公司对开户东方财富并持有一定数量东方财富股票的股民，佣金及交易通道给予优惠待遇。股民和公司需要有粘性。,03-21 04:58,03-21
0,每天一T,03-21 06:21,03-21
0,转发,03-21 07:28,03-21
0,转发,03-21 07:36,03-21
0,转发,03-21 07:36,03-21
0,东财有机会上返20元吗？,03-21 07:15,03-21
0,东方财富向来有分红送股的做法，今年搁浅了？,03-21 07:21,03-21
0,趋势为回调阶段，近年都是熊头！,03-21 07:30,03-21
0,这么多利好连十四都过不了，想不通哦！,03-21 07:30,03-21
0,牛市证券不动就不会有牛能不能突破上行还是要看证券动不动,03-21 07:30,03-21
0,股票是一种资产凭证。不具有购买力和消费属性。长期不分红就好比价值万金的古董，只能供富人闲情雅致，对穷人来说不如一袋大米。股票一定要分红，可以像老巴的博克希尔公司，长期回购注销缩小股本。价值二百多万一股，持有者已经是一种身份象征。股票一定要分红，可以像,03-21 07:51,03-21
0,大市值公司进一退三的格局，等到哪天上涨3分钱，第二天再跌1分钱，局势才会趋势性反转,03-21 08:06,03-21
0,今天又找爹！,03-21 08:06,03-21
0,东方财富卖出评级：什么时候卖出都是正确的,03-21 08:24,03-21
0,今天站上14,03-21 08:25,03-21
0,20240321,03-21 08:26,03-21
0,东方财富的妙想大模型，迟早会爆发的,03-21 08:38,03-21
0,大盘不断上涨，东方你却不断下跌,03-21 08:46,03-21
0,东方财富这分红是不是太少了？几个点啊,03-21 08:46,03-21
0,A股三大指数收报:3079.69，9717.37，1909.25。两市成交额10000亿，比前日减少779亿，北上资金流入55.68亿，南下资金流入63.96亿。涨跌停家87/6，涨跌家3745/1160。传媒，教育，计算机应用，汽车整车板块涨幅居前。,03-21 08:48,03-21
0,我是下了个假KIMI吗？,03-21 08:57,03-21
0,什么时候能翻倍我的东财,03-21 09:00,03-21
0,今日证券板块缩量回踩上涨趋势线和20日均线，属于上涨途中正常回档，不必过份担心！东财今日也明显缩量破了上涨通道下轨，明日关注是否能收回上涨通道，下方有着5日，20日，30日，60日四根中短期均线支撑，没有足够量能跌破也并不现实！今日证券并没有同银行，保险对冲走势护盘，而是三兄弟带地产板块联袂跳水，拖累大盘指数！3089小高点围而不攻，必须等三兄弟同频才能形成突破...,03-21 09:08,03-21
0,打卡了,03-21 09:14,03-21
0,赌个周末利好，今天上车,03-21 09:17,03-21
0,这么多人看多，今天上14问题不大。,03-21 09:18,03-21
0,这货回本就买吧，2年都不怎么样？今年和明年能好？,03-21 09:19,03-21
0,冲3000点的时候再冲14现在冲3100了还在冲14！,03-21 09:19,03-21
0,做个龙头，拿下3100,03-21 09:19,03-21
0,下来吧，他们恐高。,03-21 09:21,03-21
0,感觉东财今天要起飞,03-21 09:24,03-21
0,妙想大模型，跟赚钱有关的模型，才是最好的模型,03-21 09:24,03-21
0,看看人家同花顺,03-21 09:26,03-21
0,券商板块已经被市场抛弃了。,03-21 09:33,03-21
0,转发,03-21 09:34,03-21
0,跑了，太墨迹了,03-21 09:34,03-21
0,家人们,03-21 09:36,03-21
0,我就想问问，头部权重有没有东财？谢谢大哥,03-21 09:36,03-21
0,又拉上去了，然后慢慢跌。,03-21 09:37,03-21
0,今天靠东方财富拉大盘,03-21 09:37,03-21
0,高开记得跑,03-21 09:37,03-21
0,高合汽车创始人被限制高消费！#高合汽车创始人丁磊被限制高消费#天眼查App显示，近日，华人运通控股（上海）有限公司及其法定代表人、董事长丁磊新增一则限制消费令，申请人为广东省拼奇文化科技有限公司，涉及买卖合同纠纷案件。案件流程显示，此前华人运通控股（上海）有限公司已因该案被强制执行61万余元。华人运通控股（上海）有限公司成立于2019年2月，注册资本约2.53亿人民币，由华人运通投资有限公司全...,03-21 09:39,03-21
0,抛了点，留底仓。,03-21 09:40,03-21
0,空了，就是没那么多券，好过没有,03-21 09:40,03-21
0,怎么会有这么多卖盘，压的死死的啊！,03-21 09:42,03-21
0,啥不行，跳水第一名,03-21 09:42,03-21
0,就这点量还想拉升,03-21 09:42,03-21
0,13.97之上庞大的卖单，卖不完，真的卖不完...,03-21 09:43,03-21
0,每天超顶,03-21 09:43,03-21
0,冲高再套一批韭菜、下午窜稀,03-21 09:44,03-21
0,14以上都是压力位，上不去的,03-21 09:44,03-21
0,春暖花开，状态恢复中……,03-21 09:46,03-21
0,中午加鸡腿,03-21 09:49,03-21
0,同花顺今天什么情况？,03-21 09:51,03-21
0,今年下半年降息持续看好股市这两天破14.2的话下个月看17了,03-21 09:51,03-21
0,东财的十万手哥们在干架，358团来帮帮场子,03-21 09:53,03-21
0,东方财富是创业板崛起的标杆！,03-21 09:53,03-21
0,如今的东财与往相比涨是不可能了，只有跌才可以的，分红也急剧下降了可以说基本没有吸引力了。,03-21 09:53,03-21
0,童话顺,03-21 09:53,03-21
0,换手率这么低，又是机器人量化操作！,03-21 09:54,03-21
0,外围怎么涨这么多,03-21 09:55,03-21
0,如果买股，还是同花顺比较好，让东财赚个交易费，省着老扣腚穷，很少的分红！,03-21 09:55,03-21
0,同花顺都9个多点了,03-21 09:55,03-21
0,弱到家了！看看同花顺,03-21 09:56,03-21
0,东方财富上涨了12日以后，就磨了15日。截止今天总共消耗率了27日上涨周期了。很多人都快受不了了。哈哈。我还好。没有什么感觉的。不过我想从技术上来预测一下何时会结束这种磨人的震荡。不管是上涨周期，还是下跌周期。标准的浪型是五浪。21/13/21/13/21的模式。主级浪的比例是3/4.236=0.708次级浪的比例是1.236/4.236=0.292举个例子...,03-21 09:56,03-21
0,你又拖后腿了,03-21 09:56,03-21
0,你以前是龙头，现在怎么这么低调了,03-21 09:58,03-21
0,格局一次，卖单撤掉,03-21 09:59,03-21
0,今天大概率站上14元。,03-21 09:59,03-21
0,好，冲冲冲,03-21 10:00,03-21
0,突破14，一飞冲天！,03-21 10:00,03-21
0,13.99，14过不了,03-21 10:00,03-21
0,压盘那么大，涨不上去的,03-21 10:00,03-21
0,同花顺、指南针大涨了,03-21 10:00,03-21
0,过了14就卖，低于13.7就买,03-21 10:01,03-21
0,你的大模型不值钱,03-21 10:01,03-21
0,从买盘卖盘感觉被控在这个区间里面了,03-21 10:01,03-21
0,庄家收筹码中，14元压着，不让涨，赶紧上车了，机会来了,03-21 10:02,03-21
0,只有放大量才能突破这个区间。,03-21 10:02,03-21
0,开启上涨趋势，坚决持有,03-21 10:02,03-21
0,同花顺涨停了啊,03-21 10:03,03-21
0,卖了卖了。,03-21 10:03,03-21
0,还是趴窝，跟大空头中信一个样,03-21 10:04,03-21
0,同花顺都10多个点了，你才2个点，不争气啊,03-21 10:05,03-21
0,前天我加仓了，谢谢,03-21 10:05,03-21
0,加密市场的投资始终有其独特性。在入黑暗森林一般的加密世界，剧烈的波动、难防的操盘、时刻准备攻击的黑客。这里的风险极难估量，但又时刻可能涌现全新的机遇。做好加密市场投资，掌握正确的方法极为重要。LKVenture创始人，及港股上市公司蓝港互动、NFT市场Element创始人王峰分享的加密货币市场投资心得，从十一个方面总结如何在加密市场看趋势看人看资产。我给内部团队写的加密货币市场投资心得，其实，我...,03-21 10:05,03-21
0,感谢我财哥给了吃牛排的机会,03-21 10:06,03-21
0,券商带领下才能突破3100，走向牛市3100开始，带头人券商,03-21 10:06,03-21
0,今年以来，从2月21日第一次冲关14元，21个交易日以不到7%的小振幅，今天算是第七次上冲。14.04元上方套牢盘从55%降到今天早上的41%，既然振幅不大，就不用折腾T来T去的，等就行了，跌多了就吃，涨上去就静静地赚米。经过这21天的横盘震荡，清洗掉约14%的上方筹码。冲击14元真是不容易。横有多长，竖有多高，静待花开。,03-21 10:06,03-21
0,大家猜猜收盘我说13.73怒涨一分。,03-21 10:06,03-21
0,同花顺都涨停你呢,03-21 10:06,03-21
0,我来了我又来追高了。,03-21 10:06,03-21
0,又到14，可以获利了结了，等回调再来,03-21 10:07,03-21
0,谁在卖谁在买？,03-21 10:07,03-21
0,到14.10元就割点儿……,03-21 10:08,03-21
0,经历过07年，15年牛市的股友们，应该知道即使从最简单的周期理论来说，在我们不远的前面有一个波澜壮阔的牛市。在1月份我们经历了近年来最强烈的下探，把雪球和高倍杠杆融资全部清理出市场，随之而来的是国家队入场和市场制度的大改革。其中最典型的就是禁止限售股的转融通，斩断了大股东相关的利益阶层从股市金融吸血的触手。新股上市质量改革让很多公司撤回申请，很多上市公司法人也...,03-21 10:08,03-21
0,我反正13.97卖的他拉上去也得下来收盘还得绿,03-21 10:08,03-21
0,经过几秒钟的慎重思考后，我还是做出了减仓的决定,03-21 10:08,03-21
0,本月应该站在14元的位置上吧。,03-21 10:08,03-21
0,13.97我先卖了再说根本拉不动,03-21 10:09,03-21
0,怎么压都压不住的了，来吧，券商带领大盘强收中阳,03-21 10:09,03-21
0,14都冲了一个月了,03-21 10:10,03-21
0,哈哈哈,03-21 10:11,03-21
0,废了,03-21 10:11,03-21
0,东财多久没有涨停过,03-21 10:13,03-21
0,这个今天涨了？奇迹啊。不容易啊。,03-21 10:13,03-21
0,今天成交量能达到400多万手吧,03-21 10:13,03-21
0,抄底！！！割北向资金韭菜！！！！,03-21 10:13,03-21
0,累死累活涨不了两个点,03-21 10:14,03-21
0,高点已经出现，兄弟们速度撤还来得及，肯定又回来的放心。,03-21 10:14,03-21
0,我就不信我13.97会卖飞,03-21 10:14,03-21
0,不懂，14是一个什么位置，一直过不去。,03-21 10:15,03-21
0,都拿好了10点30分准时起飞,03-21 10:17,03-21
0,100亿能拉涨停，这点钱下午还得窜稀,03-21 10:17,03-21
0,东财同花指南针三巨头，您永远最低调！,03-21 10:18,03-21
0,15.1的本不知道什么时候才能到,03-21 10:19,03-21
0,14元冲不过去，先出来了,03-21 10:19,03-21
0,冲击90日均线有阻力，一但冲过就好了,03-21 10:19,03-21
0,今天是不是14又给压的死死的,03-21 10:19,03-21
0,还不补涨，就没时间了这一浪行情下周就结束了,03-21 10:22,03-21
0,东方财富可以向同花顺学习吗？在app内部设置一个浮窗盯盘,03-21 10:25,03-21
0,14冲了多少次了咋就站不上去呢,03-21 10:26,03-21
0,老财：你是上窜下眺！,03-21 10:26,03-21
0,14主力暂时不想过,03-21 10:26,03-21
0,流入4个多亿，继续啊！,03-21 10:26,03-21
0,快点下来，大盘都绿了,03-21 10:26,03-21
0,我就不信我13.97会卖飞,03-21 10:27,03-21
0,转发,03-21 10:28,03-21
0,这波反弹行情你们闭着眼睛出去随便选一只股不说翻倍遍地40%再不济20%总归有的再看看这边真是比亏钱都难受,03-21 10:29,03-21
0,哈哈，快点跌下来啊，这样成交量才会暴涨,03-21 10:29,03-21
0,当年东方今犹在，不见财富滚滚来,03-21 10:30,03-21
0,慢慢回血。不t一辈子回不了本,03-21 10:30,03-21
0,不跟AI吗？你这概念蹭的,03-21 10:33,03-21
0,看空的赶紧把筹码交出来就行，谢谢,03-21 10:34,03-21
0,14.06最近两月高点,03-21 10:34,03-21
0,这震荡一个月了,03-21 10:35,03-21
0,今天收盘价13.98,03-21 10:36,03-21
0,大股东有这么傻吗等着你上车如果真的好自己不会买吗,03-21 10:36,03-21
0,这卖一咋越买越多呢，哈哈，真是醉了,03-21 10:37,03-21
0,14就这么难站上么,03-21 10:38,03-21
0,东财涨抛永远没有错，放心，永远可以第二天低处稳稳的接回,03-21 10:38,03-21
0,主力拉高诱多，资金大量出货，股价还要继续下跌调整。不排除月底跌倒12元左右附近再适度反弹,03-21 10:39,03-21
0,为了不让他涨，我进来了。,03-21 10:39,03-21
0,跌就对了,03-21 10:39,03-21
0,这货只要一张就有卖的。基本都在做踢。14稳不住不能买。同花顺赚了七个点了。,03-21 10:39,03-21
0,继续加油18元见,03-21 10:39,03-21
0,14块是个坎啊，抛压太大,03-21 10:39,03-21
0,这股不T很难回本的，你们考量吧！,03-21 10:40,03-21
0,A股：大盘探底回升，留下的都是真英雄！今日大盘上午放量跳水，下午又探底回升，最终以下跌0.95%收盘。今天大盘的走势，算得上是我从春节之后最大的一次失误，我在昨天晚上还信誓旦旦的说，今日大盘会迎来一根超级大阳线，但是结果却狠狠的打了我的脸！说实话，没有让大家躲过这根阴线，小黄人心里非常难过，在此，我向各位粉丝朋友真诚的道歉！过多的话，就不再多说了，我只说一句：“躲过下跌，就会错过上涨，有些回调，我...,03-21 10:40,03-21
0,上回在4月17日讲到，我要闭关三个月不看股市，然后把有关APP卸载了。之所以选7月底再看股市，主要有两个原因:一是大部分分红已入账，二是我是从2022年7月6日开始实践价值长线投资的理念的，刚好7月份够一年，需要做个年度总结。原以为这三个月股指会持续上涨，不料还在探底，有点失望，幸好我选的股票还可以，整体还是赢利的。一年的时间，我主要投资的股票和建仓时间如下:2022年7月6日建仓农业银行，目前成...,03-21 10:41,03-21
0,又一次卖早了？,03-21 10:43,03-21
0,不跑就是傻,03-21 10:44,03-21
0,到压力位14.06分卖13.6附近买,03-21 10:44,03-21
0,1个小时放这么大的量，估计才涨这么点,03-21 10:45,03-21
0,兄弟们看见下边的托单了么,03-21 10:46,03-21
0,不可能，绝对不可能,03-21 10:47,03-21
0,还得是空军总司令厉害,03-21 10:48,03-21
0,搞毛啊，又要绿?,03-21 10:48,03-21
0,娘稀匹，每次都是冲高回落，而后阴跌两天,03-21 10:52,03-21
0,不怕亏就买,03-21 10:52,03-21
0,大盘两次高点点数相同，看似双顶，这么明显让人跑路？应该还有新高。,03-21 10:54,03-21
0,快跑啊，开启慢慢阴跌之路,03-21 10:54,03-21
0,今天怎么了,03-21 10:54,03-21
0,放亮就埋无语,03-21 10:58,03-21
0,主力流入啷多，为什么股价就是不上去？难道还没有把散户洗干净吗,03-21 10:58,03-21
0,看似证券护盘，其实是证券带头砸盘，优秀。,03-21 11:00,03-21
0,14就是站不上的坎儿,03-21 11:00,03-21
0,升一点都被量,03-21 11:00,03-21
0,涨停涨停一起涨停,03-21 11:03,03-21
0,主力流入这么大，毛用没有,03-21 11:04,03-21
0,为什么突破不了14元！,03-21 11:05,03-21
0,又下来了，优秀,03-21 11:06,03-21
0,不识拉萨真面目，只缘身在东财中,03-21 11:06,03-21
0,第一步，给我站稳13.86来,03-21 11:07,03-21
0,突发：同花顺今日回调4%,03-21 11:07,03-21
0,流入四个亿还是在织布,03-21 11:09,03-21
0,比较稳，可以拿住,03-21 11:11,03-21
0,还好没冲动,03-21 11:11,03-21
0,冲了个寂莫！,03-21 11:12,03-21
0,13.85冲进，等待补涨！,03-21 11:12,03-21
0,转发,03-21 11:15,03-21
0,中国股市就是这样，想涨只能控制机构卖，一个月可以卖三次，其它时间不能卖。,03-21 11:18,03-21
0,我子弹不够了，下午上15吧,03-21 11:23,03-21
0,年底80！干就对了！,03-21 11:24,03-21
0,14.05跑了，感觉还会涨,03-21 11:24,03-21
0,大盘冲关需要大金融,03-21 11:38,03-21
0,1、东方财富：+4.20亿，涨1.17%2、捷成股份：+2.28亿，涨13.93%3、安诺其：+1.90亿，涨16.48%4、国联证券：+1.89亿，涨6.10%5、工业富联：+1.77亿，涨0.44%6、金山办公：+1.73亿，涨1.92%7、南方精工：+1.73亿，涨停8、同花顺：+1.53亿，涨6.09%9、中信证券：+1.38亿，涨0%10、铭普光磁：+1.38亿，涨6.14%11、大华股...,03-21 11:44,03-21
0,年底100！,03-21 11:46,03-21
0,转发,03-21 11:49,03-21
0,昨天，,03-21 11:51,03-21
0,14元准备做T,03-21 11:52,03-21
0,一个获得贵州省2023年第二批国家高新技术企业的公司，还有获得2024科技计划科等那么多荣誉资质补贴的企业，股票价格居然横着走，这是为什么？,03-21 11:54,03-21
0,下午走强！,03-21 11:54,03-21
0,转发,03-21 11:55,03-21
0,不知道的以为你市值万亿，这都拉不动，做t的玩意太多了,03-21 11:56,03-21
0,高低切，动力源接力暴走,03-21 12:01,03-21
0,政策周期+业务变革共振，券商业绩修复底色不改。”市场景气度回升，,03-21 12:11,03-21
0,继续差价2毛接回,03-21 12:16,03-21
0,融资补仓的太多了，能涨才怪,03-21 12:25,03-21
0,"东财是好股，最大问题就是散户太多了，我曾经十一二块拿到三十多，那时股东数三十几万，现在股价回来了，股东数八十几万,请问他咋涨？？？",03-21 12:30,03-21
0,大家好，我是曾书书在券商这个板块，我只关注,03-21 12:37,03-21
0,下午直线拉升,03-21 12:39,03-21
0,报名。成本13.90块钱,03-21 12:39,03-21
0,追了三次亏三次,03-21 12:39,03-21
0,财富缩水玩命砸吧,03-21 12:40,03-21
0,今天可以有效站上14了,03-21 12:40,03-21
0,券商和银行同时拉升护驾，能不能一天一个板块啊,03-21 12:41,03-21
0,这波上不去要回12咯！,03-21 12:41,03-21
0,下午必再抬头,03-21 12:49,03-21
0,一鼓作气，再而衰，三而竭。上不去就下来吧，别装了,03-21 12:52,03-21
0,14的本，希望今天能解套，谢谢主力,03-21 12:54,03-21
0,会大跳水吗、,03-21 12:57,03-21
0,看样明天低开低走，这样真难玩,03-21 12:57,03-21
0,你个赶快跌下老子买。,03-21 12:58,03-21
0,能不能学学宁王涨十点以上,03-21 12:59,03-21
0,资金净流入排两市等一，才涨一个点,03-21 12:59,03-21
0,这个样子，不知道下午还有没有翻身再次强攻的机会！,03-21 12:59,03-21
0,明天周五小心为上,03-21 12:59,03-21
0,下午窜稀，继续砸，收盘不绿就烧高香了,03-21 13:01,03-21
0,东方财富这么大流入不涨5个点说不过去！,03-21 13:04,03-21
0,华是科技更有潜伏价值。,03-21 13:04,03-21
0,东方财富近21天在13.6-14元反复震荡，上涨放量，下跌缩量，难道这主力不是吸筹码，反而跟散户一样搞起高抛低吸了？但这区间也太小了没有油水啊。费这么大劲好像是干了吃力不讨好的活，但结合近期股指走势看就有些端倪了，指数调整平缓，底部逐渐抬高，所有短线资金交易成本线逐步上移，2900至3100点逐步消化套牢盘，进可攻退可守，静观其变，控制仓位，关注成交量的变化。近期大盘交易量的放大对营收增加也是利好...,03-21 13:05,03-21
0,不就是个妙想吗？还不被我玩高抛低吸于股掌之间。,03-21 13:09,03-21
0,14块这高压线,03-21 13:11,03-21
0,反弹以来高位横盘下跌概率大，各大指数也涨不动了,03-21 13:12,03-21
0,买方正,03-21 13:14,03-21
0,上方套牢盘不多了,03-21 13:15,03-21
0,国轩高科～低空经济接下来不是炒概念了，要抄真正的供货商了。今天淘宝有12人下了定金～一人全款购买，已经刷屏～作为提供动力电池的国轩高科有望大幅受益。,03-21 13:17,03-21
0,怎么回事14都站不上，这么弱吗,03-21 13:17,03-21
0,站稳14元太难了！,03-21 13:18,03-21
0,我是创业板，你们凭什么要求我涨？！,03-21 13:22,03-21
0,涨呀,03-21 13:26,03-21
0,昨天刚刚割肉一万五千股，又去追高三万股，冲动有时候是好的，有时候也是充满风险的。,03-21 13:30,03-21
0,啥时到18,03-21 13:44,03-21
0,卖了卖了，还是长安汽车爽,03-21 13:44,03-21
0,要么就不涨，要么就涨停,03-21 13:44,03-21
0,直接涨到16,03-21 13:44,03-21
0,下午14点拉升，站上14,03-21 13:44,03-21
0,没有卖到最高点，也没有买到最低点，又多了几手票。,03-21 13:44,03-21
0,好去处,03-21 13:45,03-21
0,金融语料库是用于自然语言处理（NLP）研究和应用的文本数据集合，特别是在金融领域的文本分析中。这些语料库通常包含金融报告、新闻文章、市场分析、股票交易信息、公司公告、电话会议记录等与金融相关的文本内容。金融语料库的构建和使用对于开发和训练能够理解和生成金融领域特定语言的机器学习模型至关重要。以下是一些与金融语料库相关的资源和研究：中文突发事件语料库：这类语料库可能包含金融领域的突发事件，如市场动荡...,03-21 13:48,03-21
0,金融券商有待启动呀,03-21 13:48,03-21
0,今天已T,03-21 13:50,03-21
0,转发,03-21 13:51,03-21
0,今天收盘能站在14之上吗？,03-21 13:51,03-21
0,鸡肋,03-21 13:51,03-21
0,起飞一次让我看看你能硬不,03-21 13:53,03-21
0,拜拜了,03-21 13:56,03-21
0,横着,03-21 13:57,03-21
0,还有两天又要收盘了。大盘指数大概率继续收盘阳线。这样就是六周连续上涨。只要不大涨，估计还会继续连续上涨。没有啥好继续谈的。这个时候技术没有什么指导意义的。更多的是坚持价值，坚持趋势。趋势是上涨的，波动其实不算大。还有就是目前需要一些ZZ觉悟。需要跟着看多做多。大盘指数继续慢慢爬升的话，券商和东方财富是很难大涨的，只会继续跟着慢慢爬。基本上就是这个节奏了，大盘指...,03-21 13:58,03-21
0,天天冲高回落，就问你服不服，敢不敢T,03-21 14:02,03-21
0,明天高开强势涨停,03-21 14:03,03-21
0,每天都越不过我的成本线，难道叫我割肉么，好气人啊,03-21 14:05,03-21
0,以为今天会突突突地涨，特意只减持100手。没想到又是老套路。得了，跌到13.8以下再买回吧。,03-21 14:05,03-21
0,你能不能争点气啊,03-21 14:05,03-21
0,今天看能不能破五十亿,03-21 14:06,03-21
0,早上装模作样的玩了半个小时,03-21 14:13,03-21
0,用不了多久都会做T的，怎么T飞了都不知道,03-21 14:18,03-21
0,东方财富(300059)事件：公司于2024年3月14日收盘后发布《2023年年度报告》。点评：收入利润有所下滑，证券自营固定收益业务收益同比大幅提升2023年，公司始终坚持以用户需求为中心，顶住外部压力，保持战略定力，重点加强内部运营管理，推进各项工作提质增效，努力实现各项业务持续健康发展。受资本市场景气度等因素影响，公司实现营业总收入110.81亿元，同比下降11.25%；...,03-21 14:22,03-21
0,窝囊死了卖了鸡肉买了你！鸡肉飞起了,03-21 14:23,03-21
0,筹码集中度百分之十，意味着什么？哪位懂得大神能说说吗,03-21 14:23,03-21
0,在2024年3月23日全球开发者先锋大会（GDC）上，国泰君安联合财跃星辰推出业内首家千亿参数多模态证券垂类大模型——君弘灵犀大模型，在行业内第一个实现了将大模型能力全面融入客户智能化服务体系之中，完成对公司君弘灵犀智能服务的全新升级，将为4000多万客户在智能投顾问答、投研内容生产和交互模式上带来全新的体验。君弘灵犀大模型以多模态大模型能力和君弘智投服务体系为核心，以灵犀知识库和智能服务配置中台...,03-21 14:23,03-21
0,邀您观看：除了“省”钱ETF还有什么优势？,03-21 14:24,03-21
0,明天涨停,03-21 14:25,03-21
0,解套的边缘徘徊,03-21 14:30,03-21
0,13.85元收盘！,03-21 14:33,03-21
0,争口气，站稳14吧，别太让人寒心了,03-21 14:35,03-21
0,14块的压单买不完啊，一直都几十万手,03-21 14:37,03-21
0,东方财富这个股性太差，持有就等于没性格,03-21 14:38,03-21
0,大家成本多少,03-21 14:49,03-21
0,创业板指明天会不会回补下方缺口？哪位大侠分析一下,03-21 14:50,03-21
0,必须来个大震荡，沙沙锐气,03-21 14:52,03-21
0,开盘半小时后的走势：差评,03-21 14:54,03-21
0,84-85收，明天冲,03-21 14:55,03-21
0,收盘必须拿下14元！,03-21 14:55,03-21
0,上方压盘有点莫名其妙,03-21 14:57,03-21
0,涨不起时候不到吗,03-21 14:57,03-21
0,上涨如便秘下跌如窜稀，真是lj,03-21 14:57,03-21
0,法林老师：倒车接人，我从量与换手率发现又学一招。对啊！,03-21 14:58,03-21
0,13.87收盘,03-21 14:59,03-21
0,买啥啥不涨，一卖涨翻天,03-21 14:59,03-21
0,挂13.81，50手，看能不能接回来,03-21 15:00,03-21
0,老胡不割，它就一直盘,03-21 15:00,03-21
0,东财股价要压不住了，变盘就该轰轰烈烈，上下无所谓。,03-21 15:05,03-21
0,今天必过14,03-21 15:06,03-21
0,13.84我来接盘,03-21 15:07,03-21
0,这是和14块耗上了？,03-21 15:07,03-21
0,是不是要水上金叉了,03-21 15:08,03-21
0,八十多万股东怎么涨,03-21 15:09,03-21
0,既然回撤那就必须闷杀今天进去的,03-21 15:11,03-21
0,2024.03.21日周四，东财实盘记录。每日实盘记录，体会五味人生，东财自周一冲高回落后处于阴跌状态，期待着今天能有所转机。操作上没什么新鲜的，就是跌了补仓，涨了减仓。有好多股友大多算不出来买卖股票的成本，也就不敢做T+0，怕越做成本越高。现在我就帮大家算一下：举例按照十元股价买一千股计算（股数少了不划算）。我们每买卖一次股票需要缴纳的有佣金，...,03-21 15:12,03-21
0,满仓打进全部子弹,03-21 15:13,03-21
0,收盘买入，坐等明天涨停,03-21 15:14,03-21
0,券商股永远没有行情,03-21 15:14,03-21
0,今天北向估计又在出货,03-21 15:15,03-21
0,成交量天天万亿，卷商不大涨一波说不过去吧！,03-21 15:25,03-21
0,看60分钟线，东财早上第一个60分钟的成交额比昨天一整天都高，但随后量能萎缩，没有持续放量的话，迟早要跌下来。等吧。,03-21 15:28,03-21
0,14以上，三进三出，每次都是比上一次低一分。你说是洗盘吧，就这点振幅。明知道后面要涨，就是不停的挑逗你，感觉要行了，马上就软下来。也不知道啥时候真的硬一次,03-21 15:31,03-21
0,飞宏腾达*久了，大家来签个到，股票市场盈亏重要，快乐也重要！,03-21 15:41,03-21
0,最近高点080706有意思下次是不是该05了,03-21 15:42,03-21
0,总是从高回落，你是来拉的,03-21 15:48,03-21
0,p是什么意思啊…,03-21 15:51,03-21
0,14不是梦照这个曲线,03-21 15:52,03-21
0,明天又低开套一批，呵呵,03-21 15:52,03-21
0,日夜夜都在想念8月28日那根,03-21 16:01,03-21
0,快失去耐心了,03-21 16:04,03-21
0,下午能上3100吗？,03-21 16:14,03-21
0,牛,03-21 16:15,03-21
0,一拉就卖，莎比太多，,03-21 16:20,03-21
0,#Kimi概念股爆火，行情持续性几何？#,03-21 16:28,03-21
0,2024年一季度尚未结束，多家A股上市公司已迫不及待提前“报喜”，不少业绩预增的公司受到资金和机构青睐，二级市场表现亮眼。当前，处于年报及季报窗口期，部分行业涌现出的布局机遇值得关注。从细分行业来看，在需求旺盛、订单饱满带动下，电子、医药、装备制造、汽车零部件等赛道“绩优生”云集。主力净流入行业板块前五：大金融，券商，养猪，饲料，保险；主力净流入概念板块前五：长三角一体化，金融科技，共享经济，混...,03-21 16:28,03-21
0,东方财富最高27？我怎么看到102元啊,03-21 16:30,03-21
0,有多少人表面上平静的吃面，内心却是慌的一批，加油股市打工人,03-21 16:40,03-21
0,东方财富有两三年没有管它了，等也等了这么久，现在开始接回,03-21 16:43,03-21
0,倒锤子！明天又砸湿一片,03-21 16:49,03-21
0,冲高回落，大事不妙,03-21 17:08,03-21
0,看看东财多强势啊，14块的万科和东财，我去年买了万科，,03-21 17:09,03-21
0,可以借鉴,03-21 17:17,03-21
0,哥今天建仓，低位上影线懂得都懂得,03-21 17:18,03-21
0,十名证券吹棒东方财富研报出定价20元或22元，但是股东还是要9.85元低价筹码后才能拉升,03-21 17:22,03-21
0,每次14卖都是对的,03-21 17:26,03-21
0,今天大盘全天震荡走势，平收。盘面上传媒，低空经济仍然有不少热点，成交维持活跃的态势。不少朋友非常担心大调整，毕竟也涨了一个多月了，几乎所有的调整都在盘中完成。其实大可不必，大盘的见顶必然要伴随大阳线，在没有出现大阳线之前都可以谨慎看多。个人维持持股的看法。今天大盘的十字k线很大概率是上涨中继。东财方面，连续两天都有资金试盘冲击14元，大金融肯定也会轮到，我们不必要担心，安心持股，个人看到15元的高...,03-21 17:26,03-21
0,外资14亿股。出了1年货还有6亿股。根本就卖不完。哈哈哈,03-21 17:44,03-21
0,东方财富不涨没有牛市,03-21 17:45,03-21
0,你真肉！拿了你这么久，不要你了！,03-21 17:47,03-21
0,全部卖掉了,03-21 17:55,03-21
0,这玩意儿太磨人了,03-21 18:01,03-21
0,3月份这玩意，大盘涨这么多，这玩意还是跌的,03-21 18:02,03-21
0,明天低开低走,03-21 18:07,03-21
0,转发,03-21 18:12,03-21
0,大盘指数想再进一步上去，必须金融拉一波，券商首选，另外，补涨需求杠杠滴。拭目以待。,03-21 18:15,03-21
0,转发,03-21 18:15,03-21
0,上周五大盘如期开始像样的调整，本周看10周线3022的得失，有效跌破调整时间延长，反之如果能守住并能重新回到3070之上继续看年线。日线一旦确认丢失20日生命线，没有高抛的可以适当借反抽减一点仓，做高抛低吸，反之继续持股等待。上涨趋势的回调都是正常的无需担忧大盘就此一蹶不振，如果走三段ABC那么这里的调整就是B，耐心等待C浪上涨后到末端在去兑现利润和高抛。上涨今天压力位：3070-3090支撑位...,03-21 18:26,03-21
0,财跃星辰发布国内首个千亿参数多模态金融大模型财联社2024-3-2310:15上海财联社官方账号【财跃星辰发布国内首个千亿参数多模态金融大模型】《科创板日报》23日讯，国内首个千亿参数多模态金融大模型——“财跃F1金融大模型”今日在2024全球开发者先锋大会上正式发布。这款由上海财跃星辰智能科技有限公司研发的金融大模型，基于万亿级金融语料预训练，具备强大的通用图像处理和图表理解能力，相比GPT-...,03-21 18:32,03-21
0,本来想卖的，但是昨天复盘看了你的筹码，这么多人都被你熬走，能不能让我留下来的兄弟们感受一点爱，你业绩又不差。,03-21 18:45,03-21
0,股票是一种资产凭证。不具有购买力和消费属性。长期不分红就好比价值万金的古董，只能供富人闲情雅致，对穷人来说不如一袋大米。股票一定要分红，可以像老巴的博克希尔公司，长期回购注销缩小股本。价值二百多万一股，持有者已经是一种身份象征。股票一定要分红，可以像,03-21 19:01,03-21
0,这股咋回事啊，本小姐昨天进来的，怎么不涨啊？,03-21 19:06,03-21
0,垃圾飞上天，东方财富就是不涨，日子没法过了！！！,03-21 19:06,03-21
0,怎么那么多喜欢发t来t去的图呢？自己闷声发财不好吗？搞的乌烟瘴气的。,03-21 19:07,03-21
0,有没有可能是仙人指路？,03-21 19:07,03-21
0,这个稍微差了点,03-21 19:08,03-21
0,开盘割肉,03-21 19:18,03-21
0,现在市场有个小规律：银行、保险、特别是券商拉高，大盘基本不咋的。所以不能大金融和其它股票同时持有。,03-21 19:34,03-21
0,这什么时候才能解套呢，哎,03-21 19:38,03-21
0,转发,03-21 20:22,03-21
0,转发,03-21 20:41,03-21
0,转发,03-21 21:19,03-21
0,转发,03-22 05:34,03-22
0,啥时候让大家体验一下踢飞的感觉？,03-21 19:53,03-21
0,明天涨停,03-21 19:56,03-21
0,跌了这么多就是为了发型可转债券,03-21 19:57,03-21
0,"大盘居然很诡异的触发了2次3090.05的高点，反观东财，精准的控制在了14.08,14.07，14.06以下。",03-21 20:03,03-21
0,换顺子早就回本了,03-21 20:09,03-21
0,难怪高开低走，一堆的破公告，这破鞋穿的,03-21 20:32,03-21
0,得有一次深度调整,03-21 20:34,03-21
0,"只要一上14,每一分都是天量压单！",03-21 20:37,03-21
0,什么时候发可转债？,03-21 20:41,03-21
0,无论如何压制，明天必定爆发！券商周五搞这种事情再正常不过，周末再给媒体发酵！,03-21 20:50,03-21
0,退市股哦！,03-21 20:56,03-21
0,万物自有周期，孤阴不生，独阳不长；阴极生阳，阳极生阴！股市投资亦如是！20世纪最著名的逆向投资大师约翰﹒邓普顿有句最广为人知的名言：“行情总在绝望中诞生，在半信半疑中成长，在憧憬中成熟，在希望中毁灭。”每一次熊牛大势转换的初期，新旧两种完全迥异的投资范式、交易策略和风险偏好开始切换，有时慢，有时快，有时无声，有时惊雷。这是每隔三五年就会来一次的周期性势能巨变。但天雨虽宽不润无根之草，佛法虽广不度无...,03-21 21:08,03-21
0,明天能不能来个十厘米,03-21 21:10,03-21
0,从日线看明天可能下跌？,03-21 21:12,03-21
0,发可转债是大利好,03-21 21:28,03-21
0,同花顺的股价为什么那么高，营收还赶不上东方财富的1/2呢？东方财富如果照着净资产算，应该是四五十块钱吧。,03-21 21:36,03-21
0,我们和东方财富真好。但股票是庄家行为，各有任务除底仓不动。够跑路费就走。,03-21 21:39,03-21
0,感觉明天要高低切换了,03-21 21:46,03-21
0,热度上来了就要勇敢点，已上车坐好,03-21 21:56,03-21
0,难道东财主力都是一日游？,03-21 22:15,03-21
0,热门股，持股待涨是上策，提前下车的，就等着拍大腿吧！,03-21 22:15,03-21
0,这股形态很好啊，速度买入,03-21 22:20,03-21
0,东财到9天就废了，今年就在12左右上不去了，现在要上17元上就有希望上去，我是不怕成夲6元多。,03-21 22:24,03-21
0,今晚有事，就不复盘了,03-21 22:32,03-21
0,都是东方就你不行,03-21 22:35,03-21
0,好想回调上车再反弹是吧,03-21 22:39,03-21
0,无欲速，不见小利，欲速则不达，见小利则大事不成。,03-21 22:48,03-21
0,明日百分百低开暴跌,03-21 22:56,03-21
0,每日成交量1万亿，券商迟点业绩公布时就爆发,03-21 22:57,03-21
0,16.6,03-21 22:59,03-21
0,放量上涨，缩量回调，马上要出来10个点了，稳住我们能赢。,03-21 23:06,03-21
0,16.6,03-21 23:08,03-21
0,看着放量了，以为会大涨，结果14追高了，30多个W不知道要套多久。唉……,03-21 23:17,03-21
0,一、指数观察3月21日，A股三大指数今日集体下跌，截至收盘，沪指跌0.08%，深成指跌0.36%，创业板指跌0.64%，北证50指数跌1.16%，沪深京三市成交额10741亿元，其中沪深两市10678亿元，北交所63亿元。两市超2900只个股下跌，北向资金净卖出60.2亿元。能降息对全球都是好事，但大A今天不温不火，今年很多人都看3100是一个重压力位，年前那一波套牢盘都在3100点，所以指数一直...,03-21 23:44,03-21
0,豪哥实战复盘：今天是03月21号星期星四2024年豪哥给自己定了一个目标：在股市用200w挣到800w，实现新一线城市购置330平大平层，欢迎大家一起验证豪哥的翻倍之旅，祝点赞评论转发的朋友发大财，股票长红！事在人为狭路相逢勇者胜。今日出局个股：高新发展东风汽车今日介入个股：新晨科技东方财富新晨科技：今日强势拉板，在软件开发以及低空经济的崛起，又是一个新的标杆，在飞行汽车的出现低空经济会出现...,03-22 00:12,03-22
0,各位财友大家晚上好，现在是2024年3月21日，我们来分析一下今天A股主要指数的走势。今天指数总体波动不大，小幅收跌但收盘还是连5日线都没有破，继续该操作操作，指数交易环境不变，其他重复的话我们就不再多说了。macd指标绿柱盘中放大，好在收盘又回去了，不过也没有金叉上，没有进行任何方向选择。创指和科创50今天表现比较差，创指跌破了5日线，科创50macd也已经死叉上，如果上证指数不能稳住盘面，他们...,03-22 00:34,03-22
0,我买东财1是因为基本面，2是相信九紫离火运，3是顺便锻炼耐心。,03-22 02:27,03-22
0,看看大资本家还能压几天,03-22 02:28,03-22
0,1.止盈中际旭创。2.降低仓位。普涨行情大概率告一段落了。进入震荡横盘或回调阶段。,03-22 07:06,03-22
0,懂得点点的。看下。几个月了。收上影线的。明天必跌。,03-22 07:07,03-22
0,转发,03-22 07:17,03-22
0,完了，一堆唱多的,03-22 07:22,03-22
0,可以建仓了啊,03-22 07:26,03-22
0,早上刚开始以为14块过不了，卖出了1/3！！！后来站上了14块，又不想卖了，结果又回落了！！！无语啊，你这个东方财富！！！本身就没怎么涨，尾盘又把他接回来了，不知道对不对！！！仔细想一想，明天应该是红周五，大概率不会太差，所以也无后顾之忧！！！,03-22 07:34,03-22
0,20240322,03-22 08:07,03-22
0,在十四元一线搭平台己经很长时间了，下周就要开始突破，上摸十五元！,03-22 08:10,03-22
0,14以下的东方财富随便进，闭着眼睛进也能到14，赚不了大钱，但是亏肯定不会亏的。,03-22 08:10,03-22
0,严重低估，牛市棋手必须由券商龙头东方财富来担当！,03-22 08:13,03-22
0,成长阶段已过，后面恼火了，下坡路,03-22 08:21,03-22
0,东财4很多年不见踪影了！,03-22 08:23,03-22
0,3100以上快速脱离加速，需要券商来领，节后券商一直被压着，最近这张牌要打出去了。,03-22 08:33,03-22
0,都说明天大盘要高开大涨吓得我连夜挂单割肉跑路,03-22 08:42,03-22
0,东方财富：券茅今天启航,03-22 08:46,03-22
0,昨日北上买入3.2亿，净买入6000万；今天还会继续买入吗,03-22 08:51,03-22
0,A股三大指数收报:3077.11，9682.51，1897.09。两市成交额10678亿，比前日增加678亿，北上资金流出60.2亿，南下资金流入47.72亿。涨跌停家79/9，涨跌家2174/2705。养殖业，贵金属，房地产服务，农业服务板块涨幅居前。,03-22 08:53,03-22
0,重心下移，14看来是上不了，大家要小心,03-22 08:55,03-22
0,飞飞飞,03-22 09:04,03-22
0,今日集合竞价不由分说低开暴跌,03-22 09:04,03-22
0,打卡了,03-22 09:06,03-22
0,明天开盘直接封板吗？,03-22 09:10,03-22
0,都是无脑唱多的，大家就知道该怎么办了,03-22 09:20,03-22
0,今天怕是北向要砸盘了,03-22 09:20,03-22
0,今天五个点起步,03-22 09:27,03-22
0,14块钱这个坎是过不去了，,03-22 09:30,03-22
0,13.5可以建仓,03-22 09:30,03-22
0,还是那个尿性,03-22 09:31,03-22
0,唉密封条，东财起风！,03-22 09:33,03-22
0,现在的行情又回到了炒概念炒小票套路，东财这种就是僵尸股走势。,03-22 09:33,03-22
0,涨没份，下跌又是倒数,03-22 09:35,03-22
0,均线高度粘合，一触即发,03-22 09:35,03-22
0,咋天14.02卖出的，今天13.72买入，每天都T,03-22 09:37,03-22
0,昨天主力疯了，我在等他下来,03-22 09:37,03-22
0,心态有点浮躁本周正T做的不好,03-22 09:37,03-22
0,天天砸，够硬，够狠！,03-22 09:37,03-22
0,昨天14元以上卖出，今天13.7下方又可以接回，不求多只求稳,03-22 09:38,03-22
0,跌起来第一名,03-22 09:49,03-22
0,又跳水了，跑路,03-22 09:43,03-22
0,咋天进多吃面了。,03-22 09:45,03-22
0,带头砸吧,03-22 09:46,03-22
0,买在最高点，卖在最低点。,03-22 09:47,03-22
0,做空龙头！,03-22 09:48,03-22
0,今天又是荡秋千的一天,03-22 09:49,03-22
0,飞起来跑步去街上玩手机,03-22 09:50,03-22
0,越来越不受待见,03-22 09:50,03-22
0,看来只有退市，这个,03-22 09:50,03-22
0,5，10，20日，三条均线已粘合在一起。,03-22 09:51,03-22
0,大好行情，全被这厮耽误了。果断离开！,03-22 09:54,03-22
0,年后才涨3个点，太烂了,03-22 09:55,03-22
0,终于又夺到了下跌龙头的宝位！,03-22 09:57,03-22
0,本周收盘东财形成了周线的底部钝化+低9，这是底部转折的重要信号，这个需要大盘的配合效果才会好。看看三大指数收盘的周线情况：深成指周线低8，创业板周线低8，上证周线低7。这样看还有1周时间各大指数就会到低位转折周期点，如果上证能配合形成第三次日线底部结构，那么就是各大指数底部共振，周期到了自然就会转势，这是自然法则，不以人意志为转移，所以等到月底，折腾的日子也就结束了,03-22 09:58,03-22
0,喜欢折腾，直接干涨停，,03-22 09:58,03-22
0,涨的时候没你份，你现在拿什么来跌,03-22 09:59,03-22
0,今天是大盘量化交易。大家受罪。,03-22 10:01,03-22
0,大家先控好仓位，大盘目前呈现顶背离，不排除回落60日线2930附近。,03-22 10:02,03-22
0,股东回购价15.6元至12.65元我真怀疑他们没有回购，他们套现出兑现金比回购十亿还要多出六七亿元吧,03-22 10:03,03-22
0,看你了，东财，赚80亿能拿多少出来分,03-22 10:06,03-22
0,没搞头，庄家反复做踢，没搞头,03-22 10:08,03-22
0,今天财富又是过山车，下周暴风雨终于要来了，东财已不是当年的标杆股了，请大家及时止损，毕竟是人民币不是桔子皮。随口而聊勿喷。,03-22 10:11,03-22
0,东财说他今天要做白衣骑士。,03-22 10:13,03-22
0,来份麻辣串串,03-22 10:16,03-22
0,今天砸盘全靠你,03-22 10:18,03-22
0,恶心人,03-22 10:19,03-22
0,主力想要出货，市场就一定会放量,03-22 10:19,03-22
0,拿着呢完美躲过了上涨的风险,03-22 10:19,03-22
0,以准备13.50一到开炮。,03-22 10:21,03-22
0,加速下跌到13元以下,03-22 10:25,03-22
0,请问你到底是干嘛的？别人涨你跟证劵跌证劵涨你又跟别人跌,03-22 10:26,03-22
0,今天非常的危险,03-22 10:26,03-22
0,东财快砸，加油！,03-22 10:27,03-22
0,要回调了，先清了出来看看，这次回调幅度会很大,03-22 10:28,03-22
0,一股不买，卖呆看着玩,03-22 10:29,03-22
0,有脱单的地方，必然下去,03-22 10:30,03-22
0,好像到了14就掉头下来，最近就是这样走法,03-22 10:32,03-22
0,吧里好多大神，然后自己评论点赞,03-22 10:33,03-22
0,该干嘛干嘛，过几天又会回到13.8以上，一点也不慌。,03-22 10:35,03-22
0,单边下跌一天，敬请期待,03-22 10:36,03-22
0,太可怜了。昨天好不容易来了做多资金。连个泡都没。今天失望跑路了。这个股被量化玩死了。弱。毫无往上的动力。太惨了。不做T真的就等死了。,03-22 10:36,03-22
0,这些主要持仓继续保持不动，今天在水下建微仓，搞了40个,03-22 10:38,03-22
0,割肉卖出止损了！下跌路漫漫！,03-22 10:39,03-22
0,，我擦,03-22 10:42,03-22
0,你的大模型怎么还不公开！,03-22 10:42,03-22
0,昨天主力进的资金，今天增加20%流出,03-22 10:43,03-22
0,估计一路狂跌。,03-22 10:48,03-22
0,这货，卖了光大证券买入东方财富就是错误的选择,03-22 10:48,03-22
0,13.65接盘，买早了，奶奶的,03-22 10:49,03-22
0,3000点能保不？,03-22 10:51,03-22
0,同花顺涨五个点都没你跌的多,03-22 10:51,03-22
0,狠角色啊。,03-22 10:52,03-22
0,快跌快跌，要不要睡觉！,03-22 10:53,03-22
0,留下发大财,03-22 10:59,03-22
0,周五了，得跌到3点,03-22 11:00,03-22
0,涨不行，跌到是个牛,03-22 11:08,03-22
0,手中未涨的畄。涨过的坚决走。有可能破3干。,03-22 11:08,03-22
0,昨天的上影线是避雷针啊,03-22 11:08,03-22
0,今天为啥跌？早上跌要不要买进？请问谁知道？,03-22 11:10,03-22
0,80万散户听我号令，14以上按兵不动，14一下只买不卖！,03-22 11:11,03-22
0,股票炒的都不敢看了,03-22 11:12,03-22
0,水底潜泳，多多益善。,03-22 11:12,03-22
0,这次可能要跌破13元了,03-22 11:14,03-22
0,今天破13元,03-22 11:14,03-22
0,进一退二退三的时间,03-22 11:15,03-22
0,今日东财收缩量小阳十字星，运行结构呈现收敛三角形，当三角形没走出来之前，你是无法推断它的结构形态，正常情况下突破区域在三角形四分之三区间！这是我们经常遇见的几种收敛三角形结构，有上涨中继和下跌中继，大家可以加以收藏，平时对照自已操作标的反复揣摩！类似东财的标准三角形，突破关键点在于突破上轨时要放量，正常涨幅达3%以上，且三日之内收在上轨上方不跌破，即为有效突破...,03-22 11:16,03-22
0,内外资大量流出能好吗？,03-22 11:18,03-22
0,中午收盘加速下跌,03-22 11:18,03-22
0,最近凡早上加仓，下午卖的都亏。,03-22 11:22,03-22
0,昨天你们跑了，今天低吸，周末极大可能利好，周一跑,03-22 11:23,03-22
0,涨到三个点站不住跌倒三个点起不来,03-22 11:25,03-22
0,老财：你今天太面了吧！,03-22 11:27,03-22
0,朋友们，2023年分红1000派40啦,03-22 11:27,03-22
0,涨时什么板块都不跟，跌时每次都先锋,03-22 11:29,03-22
0,回本不跟你玩了，太让人伤心,03-22 11:34,03-22
0,厉害，涨的时候不涨，跌起来欢快,03-22 11:35,03-22
0,说13.5要到的可以考虑买入。,03-22 11:35,03-22
0,浪费了一波大行情，辣记,03-22 11:36,03-22
0,说实话，这个股真不好，涨不动，有行情了涨不过别人，没行情了也是跟着咂，太难了,03-22 11:36,03-22
0,这个鬼股真的不能买,03-22 11:41,03-22
0,K线均线财报成交量，完美配合。,03-22 11:42,03-22
0,从没让买入评级失望过,03-22 11:44,03-22
0,80万散户，听我号令，无需紧张，无需紧张,03-22 11:48,03-22
0,融券池大了？,03-22 11:49,03-22
0,周四三大指数今日高开后回落，整体呈现小幅调整走势。低空经济概念持续爆发，永悦科技8连板，双一科技、新晨科技20cm涨停，天成自控、四创电子、立航科技、王子新材、卧龙电驱等十余股封板。猪肉股大幅走高，湘佳股份、华统股份、东瑞股份、神农集团、傲农生物、天邦食品等涨停。盘龙捉牛，盘龙抓牛几个号被永久关小黑屋了，这个还不知道什么时间被核，在这里玩的实在没啥意思了，我将会在新的场地再接再厉，不知道在那的支付...,03-22 11:56,03-22
0,没东财上涨，不成牛市。没财富收入，哪来有小康？,03-22 11:56,03-22
0,我一买它就跌,03-22 11:57,03-22
0,都不好意思跟朋友说买了东财,03-22 12:11,03-22
0,收盘1350能否保得住,03-22 12:11,03-22
0,昨天进的。今天闷撒。。。。,03-22 12:17,03-22
0,绿油油的，又是熟悉的味道！,03-22 12:29,03-22
0,下跌通道又打开，下跌趋势,03-22 12:29,03-22
0,虽然我们涨的少，但是我们跌的多啊,03-22 12:31,03-22
0,这一波最低应该也就到13.46,03-22 12:33,03-22
0,破13在来晚玩了，现在不敢补了，T都不敢做,03-22 12:35,03-22
0,看来又要大跌了，该涨不涨，跌时第一，看来又要破12了，我在12以下等你，股友们你们的心里价位是多少？告诉我参考一下。,03-22 12:36,03-22
0,到12我也进点,03-22 12:41,03-22
0,如：505233，010379，008297，159766，562510，006692，561320，159662，017195，012645，001167，014416等。,03-22 12:56,03-22
0,刚刚，我对22年以来的投资进行深度复盘，22年主资金账户东方财富亏损23.33%，小资金账户招商证券收益11%。23年主资金账户转三月份移到中信证券亏损5.08%，次账户东方财富盈利33.02%，清仓不再操作账户招商证券盈利41.38%。24年主力账户中信证券截至目前亏损7.30%，次账户东方财富亏损6.66%。尽管没亏，但确实赚了个寂寞，也就个烟钱。值得庆幸的是现在已经熬...,03-22 12:57,03-22
0,领跌,03-22 13:08,03-22
0,开盘即巅峰,03-22 13:11,03-22
0,昨天进来的都套套了,03-22 13:13,03-22
0,风浪越大，鱼越贵,03-22 13:17,03-22
0,13.55超低成功明天见红就走,03-22 13:20,03-22
0,十字星收盘,03-22 13:21,03-22
0,快跌，跌的速度快点，不要让我好兄弟活着出来，跌停跌停,03-22 13:21,03-22
0,3000点保卫战，又要开始了。。。。,03-22 13:27,03-22
0,跌跌跌，小队成交了，我大部队挂单还没成交。,03-22 13:30,03-22
0,看下午能不能拉回13.71收盘，守住5周线,03-22 13:34,03-22
0,快点拉升！！,03-22 13:37,03-22
0,2980件,03-22 13:37,03-22
0,出研报就是为了收割！,03-22 13:41,03-22
0,真狠啊,03-22 13:42,03-22
0,跌幅超过创业板指上涨低于创指这个股不是强势股,03-22 13:42,03-22
0,回到11.83再补仓,03-22 13:47,03-22
0,昨天进5个亿，涨0.83，今天出5个亿，跌2.主力差价做的可以,03-22 13:47,03-22
0,那来这么多空单,03-22 13:49,03-22
0,不跟科技,03-22 13:50,03-22
0,券商绝对的做空主力啊,03-22 13:50,03-22
0,我怎么买了你。,03-22 13:51,03-22
0,保时捷紧急召回！#保时捷召回561辆进口911系列汽车#保时捷（中国）汽车销售有限公司根据《缺陷汽车产品召回管理条例》和《缺陷汽车产品召回管理条例实施办法》的要求，向国家市场监督管理总局备案了召回计划。自2024年4月22日起，召回生产日期为2020年9月18日至2024年2月7日的部分进口911系列汽车，共计561辆。本次召回范围内部分车辆，因风挡玻璃在生产中未充分清洁，导致与车身的粘合不够牢...,03-22 13:51,03-22
0,月线不收红，我吃,03-22 13:51,03-22
0,明天券商30分钟60分钟看盘是有回调的。,03-22 13:51,03-22
0,赚了一瓶醋，丢了2斤蟹！,03-22 13:52,03-22
0,大盘反弹到下午高点了吧这里还能继续向新低砸对得起大家的坚持？,03-22 13:56,03-22
0,未来5年翻10倍，股价回到10年前的概率是很大的。短期的波动不太太在意。,03-22 13:59,03-22
0,今天收盘价格13.50元,03-22 14:00,03-22
0,这货就是卖不完啊！,03-22 14:01,03-22
0,今天红不了了。,03-22 14:01,03-22
0,这个！劳资昨天割肉清仓了，亏了几万,03-22 14:02,03-22
0,几天涨的都没有一天跌得多,03-22 14:03,03-22
0,补仓麻了,03-22 14:03,03-22
0,给予“好评”的机构：9家平安证券较好2023年以来市场交易情绪不振，证券交易、新发基金等情况持续低迷，拖累公司业绩表现。综合考虑近期A股市场交投活跃度有所回暖，但基金代销业务费率存在下调预期，下调公司24/25年归母净利润预测至90.7/100.0亿元（原预测为90.8/100.8亿元），新增26年归母净利润预测111.2亿元，对应同比增长10.7%/10.3%/11.2%。但考虑到公司用户流...,03-22 14:04,03-22
0,东方是按互联网还是什么其它都反弹只有东方还在跌流出快5个亿了，大流血,03-22 14:06,03-22
0,上汽大众参与奥迪品牌新车研发！#上汽大众参与奥迪品牌新车研发#大众汽车集团正在以史无前例的强度向中国合作伙伴放权，以适应中国激烈的汽车市场竞争。上汽大众正在上汽集团的支持下，参与奥迪品牌新车研发，将开发多款不同动力总成的全新产品。据了解，上汽大众正在重点推进的新车项目中，至少有6个项目由本土研发担当主力。与此同时，上汽大众研发中心缩减了一些新车项目，不推进或暂停推进的项目主要是引入车型。本土...,03-22 14:06,03-22
0,这个票被融券搞坏了，每次一拉升，就有融券大量的卖出，买不完啊,03-22 14:06,03-22
0,妙想概念股,03-22 14:07,03-22
0,涨没跟上，跌倒是领先,03-22 14:07,03-22
0,丫的，已成现世宝！,03-22 14:07,03-22
0,你是有多差？股价走成这样,03-22 14:08,03-22
0,都是散户，最弱主力，涨的最慢，跌的最快，劝大家换赢时胜,03-22 14:08,03-22
0,昨天的放量买入事用来今天砸盘的,03-22 14:10,03-22
0,也太差劲了，这波大反弹严重落后其他股,03-22 14:12,03-22
0,好惨啊,03-22 14:12,03-22
0,我就想问一下大哥！庄哥！你不会今天把东方财富拉红吧！！,03-22 14:14,03-22
0,买：中金黄金600489,03-22 14:14,03-22
0,东方财富股价没有上涨趋势,03-22 14:14,03-22
0,人神共愤的股还有哪个,03-22 14:15,03-22
0,证券、金融，包括东财，掌据在空方手中，所以大盘行情难以有好呈现，支持打爆空方，并建议持续宣传、支持、推进世界金融中心建设！,03-22 14:17,03-22
0,快，快去请如来坲组！,03-22 14:17,03-22
0,真是弱的可怜，大盘跌东财冲在前三跌，大盘涨，东财横盘摸鱼,03-22 14:17,03-22
0,翻红,03-22 14:20,03-22
0,查这里内资机构存在的内鬼问题,03-22 14:20,03-22
0,今天大盘全天震荡走势，平收。盘面上传媒，低空经济仍然有不少热点，成交维持活跃的态势。不少朋友非常担心大调整，毕竟也涨了一个多月了，几乎所有的调整都在盘中完成。其实大可不必，大盘的见顶必然要伴随大阳线，在没有出现大阳线之前都可以谨慎看多。个人维持持股的看法。今天大盘的十字k线很大概率是上涨中继。东财方面，连续两天都有资金试盘冲击14元，大金融肯定也会轮到，我们不...,03-22 14:21,03-22
0,重仓抄底了。兄弟们,03-22 14:22,03-22
0,我感觉我又行了,03-22 14:22,03-22
0,一共成交20亿，主力就砸了5亿。,03-22 14:23,03-22
0,今天不收起来，基本就确定调整了。,03-22 14:24,03-22
0,太差劲浪费行情,03-22 14:28,03-22
0,股市赔钱的原因就是，你以为你拿的是大公司，实际上却是都不如,03-22 14:29,03-22
0,越来越下流你说怎办,03-22 14:31,03-22
0,还是休息！,03-22 14:36,03-22
0,准备最低价收盘了,03-22 14:36,03-22
0,什么玩意啊,03-22 14:37,03-22
0,两千亿买个app超值,03-22 14:37,03-22
0,砸盘你是真卖里呀，砸盘先锋，不遗余力！,03-22 14:37,03-22
0,好,03-22 14:39,03-22
0,涨一天跌好几天差评,03-22 14:41,03-22
0,赌1⃣把,03-22 14:41,03-22
0,买它丢入哪,03-22 14:41,03-22
0,是不是说对了，券商股做空，大盘好不了,03-22 14:42,03-22
0,看看霸屏了都，走了走了。卖错也要卖。,03-22 14:42,03-22
0,，别抱希望，能跑的赶紧，在这浪费时间，浪费行情。大盘反弹四百多点，孙子张一块多,03-22 14:42,03-22
0,前年买的门市拿房了，我打算加盟一家药店，我看了一下，药店品牌还是很多的，一时间也拿不定主意，来问问你们。药店加盟哪个品牌比较好呢？,03-22 14:44,03-22
0,主力快醒醒，可以拉了,03-22 14:45,03-22
0,这走势谁买套谁浪费大好行情,03-22 14:45,03-22
0,昨天减仓了，倒是希望它能跌停！昨天站不稳就不看好它了，券商互吹互捧而已,03-22 14:45,03-22
0,这是随哪个板块啊？,03-22 14:45,03-22
0,14元这里到底是个什么梗？N次上14都站不稳…,03-22 14:47,03-22
0,大盘从低点反弹400点，赛道股，题材股股价翻倍的，反弹百分之七十的，五十的比比皆是！金融三驾马车的银行股，保险股都动了，就券商股不动，东财更是拉胯…缩量，今天继续缩量，究其原因我个人理解的是：大盘反弹节奏太快，被暴跌打出局的资金不相信会反弹这么好，踏空了不敢追高进场，而场内持仓者大部分都还没有回本不愿意割肉卖，所以缩量也说得过去。持仓两只票，兴森科技从8.30已...,03-22 14:47,03-22
0,借卷有通告从哪能杳出,03-22 14:48,03-22
0,买啊！！！,03-22 14:49,03-22
0,东财对标的是美股的嘉信理财，目前两者的市盈率都差不多在25、6倍，所以说目前的东财估值合理，考虑到美国已经是大牛市好久了，中国现在是熊市末期开始准备走牛市，所以东财的发展潜力和上升空间更大！,03-22 14:51,03-22
0,13.77，三线合一,03-22 14:52,03-22
0,静神出来有两步，天天唱多，忽悠大家接盘，我怼他两句还拉黑我了。,03-22 14:52,03-22
0,今天Allin.,03-22 14:52,03-22
0,涨了半个月一下回到解放前，什么时候能涨到26,03-22 14:53,03-22
0,好,03-22 14:53,03-22
0,听说这货越下流越没人接盘,03-22 14:53,03-22
0,恶心吧啦的，没想到买到,03-22 14:55,03-22
0,尾盘大举进入,03-22 14:56,03-22
0,这是什么，大盘回来一半，他收最低点。,03-22 14:57,03-22
0,昨天说大盘有分风险，今天如期验证，今天全仓杀入东方财富，这波第一目标预期到15元5毛到16元左右！,03-22 14:57,03-22
0,挂13.52没买上,03-22 14:57,03-22
0,大盘一下一上，你TM只下不上。,03-22 14:59,03-22
0,靠13.56买进还亏，三月份第一次。,03-22 15:00,03-22
0,最低点收盘，硬气啊,03-22 15:01,03-22
0,废材还是一如既往的垃圾,03-22 15:01,03-22
0,主力今天准备卖多少，6亿7亿,03-22 15:01,03-22
0,一只量化交易股,03-22 15:03,03-22
0,至少横盘三年,03-22 15:05,03-22
0,哈哈。周一，3000点保卫战,03-22 15:11,03-22
0,不跌破13.55就无妨,03-22 15:11,03-22
0,也就只有转融通才有这么多筹码砸盘了。不知道是哪个股东借出去的。,03-22 15:13,03-22
0,最低点收盘，优秀！选择了你，就选择了生气，郁闷，难过。天天想骂人，想吐槽，没有一点希望，走了，再见！,03-22 15:14,03-22
0,证券板块东方财富本周五单日超大单、大单净流岀高达三亿九千多万，北向资金50日净流岀近26个亿，以最低价做空收宫，多头乏力，前期获利空头强盛，中短期不宜介入！,03-22 15:15,03-22
0,补了7000，17.12本,03-22 15:15,03-22
0,明天在跌一跌就到创业板1600了！,03-22 15:25,03-22
0,一马当先,03-22 15:30,03-22
0,东财砸盘稳准狠,03-22 15:32,03-22
0,13.56建仓,03-22 15:35,03-22
0,要买就买龙回头，突破回踩上车，其他的都歇菜吧,03-22 15:36,03-22
0,教训深刻啊，痛定思痛：要买就买龙回头，突破回踩上车，其他的歇菜吧！浪费时间！,03-22 15:38,03-22
0,竟然坐了六十一个交易日的过山车,03-22 15:56,03-22
0,破位下跌了，全都是出逃，散户又开始接盘了吗？,03-22 15:57,03-22
0,A股：冲高回落，尾盘跳水，教科书式的洗盘！明天你们心心念的大阳线就要来了！今日大盘冲高回落，尾盘突然一波快速跳水，而且明显是带量的，很明显，今天尾盘的跳水杀出来不少的筹码！不得不佩服主力目前的操盘手段，真的是筹码多，随心所欲啊，一会儿冲高，一会儿又砸盘，直接把场内散户给砸了个晕头转向。记住，尾盘跳水，非奸即盗，今天的盘面，堪称是教科书式的洗盘。接下来，请做好准备，你们心心念的大阳线就要来了！今天的...,03-22 15:57,03-22
0,我今天抄底了1/3仓位，下周还会跌吧？估计要破13,03-22 15:59,03-22
0,因之前卖出东财在2023年17000股成本价为15.51元，所以一直加仓接回做差价。因为在过年前已经减持过一次，年后想看看什么情况，但价格一直震荡，坐了两次过山车之后，我就开始做差价了。因为上上下下时间成本都给了他，我情愿在这里赚点钱，过年前东财我持仓32500股，成本为13.81元，我一直持仓，因为感觉13.8左右这价格是主力生命线附近，估一直看涨，首先年后周...,03-22 16:03,03-22
0,每天成交量过万亿，券商就是不涨,03-22 16:04,03-22
0,有钱就买几手，没钱就潜伏下。,03-22 16:07,03-22
0,特斯拉将马上实现自动驾驶！#马斯克称特斯拉将很快实现自动驾驶#马斯克上周周五转发了一位特斯拉投资者的帖子，并将它在自己的X主页上置顶。这位投资者用热情洋溢地口吻称赞了特斯拉，称在扣除联邦税收抵免后，特斯拉ModelY所有版本的售价都低于美国新车的平均价格。他接着写道：“在2024年买一辆新的内燃机车是没有意义的。特斯拉拥有最安全、最美国制造的汽车。无需加油，无需更换机油，极少甚至无需维护。很快...,03-22 16:07,03-22
0,今天大盘出现了相对较大的调整，在调整时仍然有可持续的热点，比如铜缆高速连接，Kimi概念。说明市场仍然保持不错的活度。盘中判断能够在20天线获得强支撑，在跌破之后引发了资金的规模入场，而且每个小热点都有持续性，全天放量整理，说明资金非常认可当前的点位，不出意外，下周一定会展开冲击年线的行情。东财方面，整个证券板块都呈现弱势，这在之前分析也说了主要是政策的影响。...,03-22 16:13,03-22
0,今天大资金净流出6个亿什么事情吗我们散户不知道呢？,03-22 16:13,03-22
0,要跌几个月,03-22 16:18,03-22
0,妙想大家用的怎么样呀？,03-22 16:26,03-22
0,凡是买入废材的不是傻就是笨包括我自己,03-22 16:35,03-22
0,为什么3点后还有成交？,03-22 16:35,03-22
0,券商下周,03-22 16:44,03-22
0,都说券商股是牛市的旗手，很多股民早早地就提前潜伏了进去，没想到牛市没等来，这几年不但地方小券商股跌得厉害，就连头部的券商也是跌得面目全非。东方财富股价复权后，已经从2021年的最高27.21元跌到了春节前的最低11.83元，腰斩还多。这期间股民们如飞蛾扑火一般的去抄底，每一次抄的底都变成了顶，套牢无数股民。东方财富发行价40.58元，于2010年3月19日上市，主营业务为证券业务、金融电子商务服务...,03-22 17:03,03-22
0,转发,03-22 17:22,03-22
0,炒股一盈二平七亏，那为什么那么多人要炒股呢？炒股的人是不是都有些自我感觉良好呢？炒股的人究竟是聪明的还是愚蠢的呢？,03-22 17:30,03-22
0,下周大阴先放量洗盘后拉升。,03-22 17:51,03-22
0,转发,03-22 18:06,03-22
0,转发,03-22 18:30,03-22
0,转发,03-22 18:39,03-22
0,不停的大宗交易，是有什么大事吗？,03-22 18:27,03-22
0,东财在手幸福美满,03-22 18:28,03-22
0,昨天说了要深度调整，还没到位，看到破13,03-22 18:31,03-22
0,不破13，不动筷子,03-22 18:35,03-22
0,目标-麻辣烤鱼（大份）,03-22 18:45,03-22
0,3100的时候你在18.5元，指数重回3100你在13.55,03-22 18:50,03-22
0,涨，没多少，跌，是利索,03-22 19:25,03-22
0,13.48有支撑，长线资金可以买入。,03-22 19:27,03-22
0,东财也有金融大模型（妙想）等推出后带领券商板块闯关。目前持有为主。逢低吸纳，逢高会吐。跟主力反着来。,03-22 19:50,03-22
0,13.57加仓。希望能喝个肉汤,03-22 20:19,03-22
0,买入买入，坐等起飞。,03-22 20:29,03-22
0,东财股吧有那么几个人，技术分析的头头是道，还贴几张画线的图，判断出以后的走势，我就很奇怪，如果你真有技术，自己悄悄的买进不香吗？我们非亲非故的，你凭什么告诉我们？如果不准，瞎蒙，又何必呢？非要显示自己是“技术派”吗？,03-22 20:30,03-22
0,妙想怎么下载？？？？？,03-22 20:43,03-22
0,今天是上涨的第六周收盘。大盘终于止步连续上涨。算是5周连续上涨之后就止步于六连涨了。已经不错了。几周前我们分析过。对比过2019年的牛市一浪行情的。当时熊市连续跌一年，大盘跌了1100点。这次去年连续跌800点。按照比例，我们算过上一轮牛市一浪八连涨的，可以估出这次或许是5-6周。最后还是这样。不过也没啥大不了的。休息一下上涨也是正常不过了。依然维持今年上半...,03-22 20:45,03-22
0,完了，我被埋进去了,03-22 20:48,03-22
0,技不如人，甘拜下风。,03-22 20:50,03-22
0,炒股怎么能不用高科技,03-22 20:57,03-22
0,下周放量击穿13.50后！一路下跌到回补下方缺口。,03-22 21:03,03-22
0,券商股一时长不起来。今天准备补末补。,03-22 21:18,03-22
0,我是14.5进的五万股，等到孙子上中学。,03-22 21:25,03-22
0,不能买，千万不要买，还不确定会不会去8块,03-22 21:29,03-22
0,今天为什么大跌就是因为研报开路必须跌,03-22 21:46,03-22
0,昨天拉升，今天活埋。谁说券商带领大盘创新高。两天进去的，均活埋。,03-22 21:50,03-22
0,今天就做了一笔操作，金海通减了1000股，计划是下午水下再接回的，不过没给机会。这票从去年中签到现在也拿了1年多了，来回做波段也算有了几十个w的收获，目前一直保持负200左右的成本在做，我是继续看好科技半导体板块的，下周它如果给机会再接回来。,03-22 21:50,03-22
0,日间做T，希望减少损失,03-22 22:19,03-22
0,虽然有点迟了，但还是为本届的接管部门点赞！,03-22 22:22,03-22
0,确实是,03-22 22:27,03-22
0,已经做好了回调的准备，前贴发过日线见顶预期3092，位置基本触发了，所以不会考虑任何加仓,03-22 22:31,03-22
0,周一会有1到2个点上涨,03-22 22:33,03-22
0,散户集中营，不要有幻想,03-22 22:59,03-22
0,散户增加。资金流出破13.5考虑,03-22 22:59,03-22
0,转发,03-22 23:40,03-22
0,只扑街真系浪费了之前的行情，买错股，真系选择比努力重要,03-23 02:44,03-23
0,这波券商没怎么涨，大家都在等补涨，我看炫，因为资金不在这里面，因为科技股的资金不出来拿什么补涨，市场的资金就这么多。而且即使有牛市，还是那句话，不会所有股都会涨，,03-23 04:39,03-23
0,重视财富管理，追求质量与回报双赢东方财富积极响应深交所发起的“质量与回报双提升”行动，提出了自己的实施方案。该计划旨在通过增强主业聚焦、创新能力提升、信息披露质量和规范运作水平，强调以投资者为中心，增强股东回报。东方财富(300059)将探索更有效的股东回报机制，并通过注销式回购增强市场信心。同时，公司致力于提升业务质量，聚焦一站式互联网财富管理生态圈，并在科...,03-23 07:15,03-23
0,再补一次仓，等发工资再补去了十八块成本价,03-23 07:18,03-23
0,我解锁了实盘大赛新成就，走过路过点个赞！,03-23 07:38,03-23
0,转发,03-23 08:51,03-23
0,妙想也不那么妙了吗？？？,03-23 09:22,03-23
0,从春节后95%的个股横盘一个多月了，和大盘指数一点不匹配，周五还竟然下跌4500股左右，外围多年了至今一直新高，遗憾,03-23 09:24,03-23
0,登了个高，吃了个情侣套餐，让多巴胺充满身体，股票一两个点波动不是很正常嘛，东财今天好歹是红的一边，让子弹多飞一会，都会好的。,03-23 10:47,03-23
0,东财有保荐过哪家公司上市吗？,03-23 10:58,03-23
0,转发,03-23 12:56,03-23
0,转发,03-23 13:33,03-23
0,妙想今天体验了一下，绝对是金融方便最强AI软件。不知道为什么不跟AI涨,03-23 13:41,03-23
0,东方财富就不要幻想涨了。因为已经涨过了。20年6月启动成本7块，22年2月平均卖出20块。主力获利丰厚！现在是在走价值回归之路，回补下方缺口，重新回到7块。,03-23 14:43,03-23
0,转发,03-23 14:57,03-23
0,东财人气高过中海油，但股价走势差过中海油,03-23 14:57,03-23
0,东方财富开发的“妙想”金融大模型具有重要意义，主要体现在以下几个方面：金融科技创新：妙想金融大模型是东方财富自主研发的金融行业大语言模型，它依托于东方财富的互联网财富管理综合运营平台，结合了“懂金融、懂用户、强数据”的金融生态基因。这一模型的开发标志着东方财富在金融科技领域的创新和进步，有助于推动整个行业的技术革新。提升金融服务效率：妙想金融大模型通过其强大的数据处理和分析能力，能够降低金融成本、...,03-23 15:00,03-23
0,昨天低开下杀后探底回升，可惜始终没有重新进入上升通道之内，5分钟这里看是有给你二次高抛的机会的，今天观察大盘如果不能像15号那天反包的话大概率是要去2986附近的，坏点的极限是2945.我认为如果不能反包向上，那么下方2986-3006这一带还是有支撑和资金愿意进来的。创业板50ETF我是上周一二就分批高抛降低到三成仓位以下了，目前看暂时不打算接回在观察一下。0.760附近在考虑开始分批接回。昨天...,03-23 16:00,03-23
0,当前已入场700多万个人、900多只基金、16家做市券商，而流通市值仅1874亿，且前十大流通股占比通常在50%以上（相对稳定），在外流通可炒作筹码不到千亿，“僧多粥少”到时必将争得热火朝天、天翻地覆。,03-23 16:00,03-23
0,北交所直接Ipo，同时取消原资金打新旧方式，实行市值打新新模式。此举北交新资金必将纷至沓来。,03-23 16:00,03-23
0,专为北交特设的920号段已测试完毕，随时都有可能公告：北交所将于某月某日起用920号段，自此，北交所正式迈入920新时代。,03-23 16:00,03-23
0,当前已入场700多万个人、900多只基金、16家做市券商，而流通市值仅1874亿，且前十大流通股占比通常在50%以上（相对稳定），在外流通可炒作筹码不到千亿，“僧多粥少”到时必将争得热火朝天、天翻地覆。,03-23 16:00,03-23
0,例如北证50ETF，这是很好的投资工具，也可以吸引大量外来资金，多好的事怎么这么磨蹭。科创板、创业板当时成立一年就推出了ETF。现在科创50ETF一只就947亿份。目前科创板有10只ETF，近2000亿份，为科创板贡献了大量流动性，成为科创板的基石。,03-23 16:00,03-23
0,专为北交特设的920号段已测试完毕，随时都有可能公告：北交所将于某月某日起用920号段，自此，北交所正式迈入920新时代。,03-23 16:00,03-23
0,当前已入场700多万个人、900多只基金、16家做市券商，而流通市值仅1874亿，且前十大流通股占比通常在50%以上（相对稳定），在外流通可炒作筹码不到千亿，“僧多粥少”到时必将争得热火朝天、天翻地覆。,03-23 16:00,03-23
0,例如北证50ETF，这是很好的投资工具，也可以吸引大量外来资金，多好的事怎么这么磨蹭。科创板、创业板当时成立一年就推出了ETF。现在科创50ETF一只就947亿份。目前科创板有10只ETF，近2000亿份，为科创板贡献了大量流动性，成为科创板的基石。,03-23 16:00,03-23
0,北交所改革，可以先把容易的抓紧时间推出，例如920新k线新代码、上市公司与投资者互动平台互动易、北证50ETF等。,03-23 16:00,03-23
0,转发,03-23 16:00,03-23
0,转发,03-23 16:00,03-23
0,北A现在市值占比不别0.5%，启用920后同上交所、深发所三分足鼎，那何止是十倍潜力。直接ipo将改为市值配置打新，2一3千亿打新资金在5%买入即是百亿。,03-23 16:00,03-23
0,从估值水平来看，尽管经历了连续的下跌过程，但A股市盈率中位数仍为28倍，创业板和科创板的市盈率中位数分别高达49倍和67倍，所谓A股低估值仅仅是因为银行和能源类股票的低市盈率导致，这一轮熊市的本质是对过去赛道股畸高估值的一种“矫枉过正”式的价值回归。,03-23 16:00,03-23
0,观观A股三个交易所，北交所三分足鼎。而当前北A总市值仅3750亿，占A股总市值份额不足0.5%。在北交所上市245+公司，竟有123家国家级专精特新小巨人企业[强]，同两创估值优势明显。北交所将是低估值、小市值、高成长，战略新兴产业中小企业的星辰大海。,03-23 17:47,03-23
0,复瑞彤、波开波，这二种药可支撑市值百亿,03-23 21:51,03-23
0,转发,03-23 22:48,03-23
0,例如北证50ETF，这是很好的投资工具，也可以吸引大量外来资金，多好的事怎么这么磨蹭。科创板、创业板当时成立一年就推出了ETF。现在科创50ETF一只就947亿份。目前科创板有10只ETF，近2000亿份，为科创板贡献了大量流动性，成为科创板的基石。,03-23 23:07,03-23
0,观观A股三个交易所，北交所三分足鼎。而当前北A总市值仅3750亿，占A股总市值份额不足0.5%。在北交所上市245+公司，竟有123家国家级专精特新小巨人企业[强]，同两创估值优势明显。北交所将是低估值、小市值、高成长，战略新兴产业中小企业的星辰大海。,03-23 23:37,03-23
0,德源药业三季度末每股未分配利润达4.874元、公积金达5.097元，利润上去了，未分配利润和公积金提升15%，当前股本7824.5元，2023应10转6派5（2022年是10转2派3.5），股本扩大到1.25亿，送转后股价再涨到40元，市值达到50亿，同企业规模形象匹配。,03-24 05:35,03-24
0,A股三个交易所，北交所三分足鼎。而当前北A总市值仅3750亿，占A股总市值份额不足0.5%。在北交所上市245+公司，竟有123家国家级专精特新小巨人企业[强]，同两创估值优势明显。北交所将是低估值、小市值、高成长，战略新兴产业中小企业的星辰大海。,03-24 05:35,03-24
0,北A随着920新代码问世（彰显北交所三分足鼎地位），直接IPO推行（市值打新引资买入北A），转板公司出现（平衡估值），北A估值修复牛随时现身。,03-24 05:36,03-24
0,林园：人生最后一次机会在投资糖尿病、高血压等大众药品，人口老龄化后续超常增长。,03-24 05:49,03-24
0,北A现在市值占比不别0.5%，启用920后同上交所、深发所三分足鼎，那何止是十倍潜力。直接ipo将改为市值配置打新，2一3千亿打新资金在5%买入即是百亿。,03-24 06:39,03-24
0,2、北交所直接Ipo，同时取消原资金打新旧方式，实行市值打新新模式。此举北交新资金必将纷至沓来。,03-24 10:15,03-24
0,“低质低价、绩优价高”一一2024开年来，股市尤其是〝两创”暴跌，上市即变脸的、亏损或微利的股价腰斩，而绩优小盘股跌幅不大，最后二天一跃而起、脱离坑位。经过此轮调整清洗，小市值成长股、特别是复合增长率高，内生增长力强、疫情打不垮的，将获得资金集中青睐！,03-24 10:28,03-24
0,当前已入场700多万个人、900多只基金、16家做市券商，而流通市值仅1874亿，且前十大流通股占比通常在50%以上（相对稳定），在外流通可炒作筹码不到千亿，“僧多粥少”到时必将争得热火朝天、天翻地覆。,03-24 11:16,03-24
0,基康仪器获投资者参观：水利信息化和公路桥梁隧道结构监测领域将成新增长点,03-23 16:00,03-23
0,基康仪器获投资者参观：水利信息化和公路桥梁隧道结构监测领域将成新增长点,03-23 16:01,03-23
0,基康G云平台城市防汛监测解决方案,03-23 16:01,03-23
0,北京南山投资创始人周运南对《证券日报》记者表示，证监会要推动资本市场高质量发展，而北交所又是多层次资本市场中承上启下的关键一环，预计各项改革举措也已纳入统筹考虑，将在适当时机陆续落地。特别是市场所期待920全新号段，目前已完成2轮仿真测试，相信很快会启动最后的通关测试，并尽快在北交所上市公司用上920代码。,03-23 16:18,03-23
0,搞个新代码、建个互动易，这些很简单，都是技术类的。既然之前定下来，就不要拖。这些工作虽然看着简单，但对市场影响较大，对投资者也有很大影响。,03-23 16:51,03-23
0,基康仪器入选物联之星2023年度中国物联网企业投资价值50强及物联网行业标杆案例,03-23 20:58,03-23
0,北A现在市值占比不别0.5%，启用920后同上交所、深发所三分足鼎，那何止是十倍潜力。直接ipo将改为市值配置打新，2一3千亿打新资金在5%买入即是百亿。,03-23 21:04,03-23
0,这个大宗是买去砸盘的吗？,03-23 21:29,03-23
0,东方财富，你这个券茅，我相信，你会给大家带来欢乐的！！！,03-23 22:00,03-23
0,市场需要造神！东方财富还能再次100倍涨幅？造神必须吻合多方利益！能带板块，能带指数！才是神的基本条件！神必须是涨幅几十倍的才叫神！赚钱唯一方法就是持有！持有！再持有！未来波澜壮阔的牛市必然是财富趋势、同花顺、指南针三神引领的大牛市！2005年998到2007年6124已经马上7年的整倍数了，市场不可能永远不涨！！！神的目标必然也是冲击百倍的！不要低估了神，茅台已经上涨了1000倍！看看当年的中国...,03-23 22:18,03-23
0,今天的资本市场，最大的事情，就是人民币汇率打破近一段时间的横盘走势，突然下跌，在岸人民币汇率跌270点，离岸人民币汇率大跌400点突破7.26关口，跌至四个月低点，其实今天亚洲市场都在跌，主要原因是美元指数突然飙了，压制了大宗商品和其他货币。美元走强的原因是瑞士突然降息，成为发达国家中先抢跑的，市场认为在美元降息之前全球主要经济体都会顶不住先降，或者说他们的降息程度会更猛，所以决定再次抱紧美元。所...,03-23 22:50,03-23
0,证券股风险确实大。1、严监管背景下，保荐业务大受影响。2、政策面，股市作为重要资金蓄水池，限制做空成为政策关注点，会影响做空业绩。3、交易手续费，太卷了。4、基金老鼠仓肯定会作为监管重点，潜在风险很大。5、新股平均破发率70%。保荐业务历史风险正在积累。但是，今年牛市是大概率会发生的。证券股大概率还是牛市旗手，长期还是看好的。,03-23 23:10,03-23
0,下一个券商一哥,03-23 23:27,03-23
0,现在明牌了，谁先推出，谁先占领用户。所以时间就是最优先选项。内测搞快三个月，完全没必要。现在推出，已经是第二了。妙想这手牌，打的不好。,03-23 23:29,03-23
0,转发,03-24 01:35,03-24
0,券商优化：,03-24 06:46,03-24
0,都很清楚,03-24 07:03,03-24
0,新券商板块，新三板的，龙头的，合并的，凸起的，效益高的。东方财富,03-24 07:12,03-24
0,聪明的节前就开始囤货了，哈哈哈,03-24 08:12,03-24
0,为什么我申请的妙想大模型验证码还没发给我,03-24 08:26,03-24
0,看来冲3200点要靠券商重组了，就圈商没涨，建一流投行的重任就在券商身上了，拿好券商，预计券商有50%甚至翻几倍涨幅的都会出现，安静入驻证券，静等花开，火箭发射。,03-24 08:40,03-24
0,在2023世界人工智能大会期间，毕马威与联想集团联合发布《普慧算力开启新计算时代》报告。该报告指出，未来算力发展趋势将具备两大特征：数字经济的基础设施和通用人工智能的核心动力。因此，算力将在两个关键维度上加速发展：普适（Inclusive）与智慧（Intelligent），即“普慧”。毕马威首席经济学家康勇表示，在算力供不应求的现实情况下，传统计算架构正失去竞争力，必须探索新的计算模式。普慧算力将...,03-24 08:53,03-24
0,可以吧妙想拿出来了，不然又要错过时机了！,03-24 09:13,03-24
0,权益类基金的发行规模比两年前最高峰下滑了90%，再叠加基金降低管理费所带来尾佣的减少，这对东财天天基金收入影响非常大，这是屋漏偏逢连夜雨，好在中国居民财富管理才刚开始，降息趋势下的储蓄转移势不可挡，降费对东财天天基金这种行业老大属于短空长多，因为降费会不断提高基金销售行业的门槛，天天基金的竞争对手会越来越少，市占率自然就越来越高，用户多了就容易叠加发展其他业务...,03-24 10:02,03-24
0,整个下午看得够火大的明摆着玩人量化太强了这么少的挂单一卖完毫秒马上补上就是在这位置一直出,03-24 10:46,03-24
0,下周市场前瞻｜市场大概率继续上涨太过关心短线得失的人，不要关注我的帖子。首先讲一下。我是价值投资者，但是又喜欢做市场评论。所以就写写。只是代表个人看法而已，不要抄作业。对了不用夸我，错了也别骂我。骂我的人肯定拉黑，还用说吗？其实现在没有什么好说的。上涨趋势就继续持股。不用患得患失。只是我们经常也会研究某种可能性。比如我们以前给出3月份17块钱的东方财富的目标...,03-24 10:53,03-24
0,又一次吃面！啊！！！,03-24 11:17,03-24
0,随着920新代码问世（彰显北交所三分足鼎地位），直接IPO推行（转市值打新引资买入北A），转板公司出现（平衡各板估值），北A估值修复牛随时现身。,03-24 11:17,03-24
0,北交所改革，可以先把容易的抓紧时间推出，例如920新k线新代码、上市公司与投资者互动平台互动易、北证50ETF等。,03-24 12:11,03-24
0,下周券商难啊,03-24 12:11,03-24
0,中信证券周一大幅度低开已成定局，其余券商是跟跌，还是,03-24 12:12,03-24
0,每股收益0.51，分红才0.04，太低了吧，你们觉得呢,03-24 12:12,03-24
0,哥们还不赶紧趁着ai多涨涨，非要跟着证劵玩,03-24 12:12,03-24
0,一哥跌倒了，把位置挪过来坐坐,03-24 12:18,03-24
0,下周准备在13-13.3元间开仓。,03-24 12:18,03-24
0,到12.5马上卖,03-24 12:20,03-24
0,继续跌，继续加仓，静等花开,03-24 12:29,03-24
0,下周回落到13.3元以下，随时准备开仓。,03-24 12:33,03-24
0,这家伙股本太多了，150多亿！减少到15亿试试！,03-24 12:34,03-24
0,看见8月28日纪念碑吗，14块都冲不上。想要涨慢慢等3年5载吧。各种忽悠散户接盘。不要价低就买。套死你,03-24 12:34,03-24
0,不要分红，注销股票，,03-24 12:35,03-24
0,有人收到妙想激活码了吗？,03-24 12:37,03-24
0,中信督导会不会带动券商板块加速深调。东方财富能不能雄起券茅,03-24 12:40,03-24
0,这货2-3天不能收回到14元左右那就下跌又开始了,03-24 12:40,03-24
0,继续看跌，外资连续流出套牢散户越来越多。看来13.5还要破。先不要急着补仓。,03-24 12:44,03-24
0,破11,03-24 12:55,03-24
0,大盘要破3020，回补下方缺口！,03-24 12:56,03-24
0,这个月也就在13.38-14这样，下个月有希望过14.38,03-24 13:02,03-24
0,这个周末只想弄清楚一件事，就是中信证券的事情会不会影响东财。。毕竟东财没有承销保荐业务,03-24 13:25,03-24
0,鲸落万物生。中信证券倒下，东方财富起。,03-24 13:29,03-24
0,绝对是金融券商，最强AI软件。必须跟AI涨，补涨股。,03-24 14:15,03-24
0,东方财富基本面吏上最优秀，东方财富是AI，是大模块，是互联网龙头，是券商但没做投行，所以东方财富不应该跟券商板块，必须走独立行情。,03-24 17:38,03-24
0,阶跃星辰来了，东财的ai怎么样了,03-24 17:45,03-24
0,会破13吗,03-24 18:32,03-24
0,例如北证50ETF，这是很好的投资工具，也可以吸引大量外来资金，多好的事怎么这么磨蹭。科创板、创业板当时成立一年就推出了ETF。现在科创50ETF一只就947亿份。目前科创板有10只ETF，近2000亿份，为科创板贡献了大量流动性，成为科创板的基石。,03-24 18:33,03-24
0,孤注一掷，祖宗保佑,03-24 18:38,03-24
0,2023年中信证券保荐30家公司上市，破发22家。中信迟早要出事。利好东财。,03-24 18:47,03-24
0,又要选择方向了,03-24 19:08,03-24
0,还有人看多吗？,03-24 19:10,03-24
0,12.8开盘就跑？,03-24 19:11,03-24
0,周一看谁跑得快……,03-24 19:23,03-24
0,可转债是利好吗,03-24 19:33,03-24
0,东方财富上周五收盘最低价，没和大盘同步，有刻意打压搞指数。所以下星期一必回归。,03-24 20:03,03-24
0,13.55的股价，一股分红4分钱,03-24 20:32,03-24
0,跌就对了，目标价11.01,03-24 20:34,03-24
0,谁能给我安慰一下,03-24 20:44,03-24
0,我是服了，主力流入4亿，就是为了第二天砸盘吗？笑死了，a股就是个笑话，让我长见识了。,03-24 20:55,03-24
0,第一支撑13.3第二支撑12.8,03-24 20:58,03-24
0,各位大佬：明天低开可以进吗？,03-24 21:12,03-24
0,大盘又起来还得是靠券商。,03-24 21:32,03-24
0,转发,03-25 00:50,03-25
0,券商横盘了一个月了，趋势一直没有选择，看月线图，感觉还是没有起来的迹象。,03-25 04:06,03-25
0,万亿国债，有没勇气一口气拉着走，否则如何吸引彼岸外资进场？如今被深套都是铁杆迷，谁把谁洗出去？,03-24 22:40,03-24
0,明天中信证券大概率暴跌，稳定大盘的就看东方财富了！,03-24 22:54,03-24
0,明天会不会5个点,03-24 23:00,03-24
0,所以其实上市趋于严格，对东财影响不大，东财影响最大的是牛市和熊市，不出意外的话一季度大增30%的业绩！,03-24 23:04,03-24
0,中信涨的时候财富也没涨啊，难道要跟着跌嘛，有没有大神说下消息面啊，,03-24 23:04,03-24
0,复盘日期：3月23日大盘带量/低开下跌，盘中跌破MA20【5日均量线放大迹象，macd绿柱加大，做空力量加强，但也有护盘，观察MA20均线支撑】创业板带量/低开下跌，收盘M20均线附近盘面思路（new）：周五突然出现大跌上午单边快速下跌外因人民币兑美元快速贬值内因做空力量正在加强下午护盘资金出手收盘拉回M20均线上方同时5日均量线有放大迹象先观察MA20均线支撑周四夜报提前预测到调整从技术判断...,03-24 23:34,03-24
0,明天3低开2%，加点仓，杀到5%满仓搞，尾盘拉回去一半就出掉今天进的仓，跟着融券做空的人一分钱不亏,03-24 23:36,03-24
0,看好财富管理行业及公司基本面的长期成长性。近期公司加速AI大模型的研发与落地，自研金融大模型妙想已开启内测，未来有望赋能公司产品能力与运营能力、疏解降费降佣压力，同时公司也于2月发布“质量回报双提升”行动方案并顶格完成股份回购近10亿元，此次新一轮股权激励计划草案的发布也有望进一步激发核心人才的积极性和创造性，增强市场信心。AI券茅,03-24 23:40,03-24
0,招商证券只有你一半市值，1/3市净率，比你还多赚了6个亿...说什么好呢,03-25 00:00,03-25
0,净利润增长达不到10%就是利空,03-25 01:17,03-25
0,东方财富发可转债是利空还是利好,03-25 04:07,03-25
0,一堆利好不会涨，一个利空必暴跌,03-25 06:31,03-25
0,中信证券跌倒。其它证券吃饱！,03-25 06:55,03-25
0,"不要被误伤！东方财富的子公司东方财富证券拥有证券承销与保荐业务资格。然而，东方财富证券并未实际参与保荐业务。这是因为东方财富证券坚守道德底线，不愿意参与到可能涉及作假的保荐业务中[](http://gubaformgr.eastmoney.com/news,300059,1399576456.html)。所以，虽然东方财富证券具备这项业务资格，但并未进行相关的...",03-25 07:19,03-25
0,毛姐提示：建议东方财富可以一种类似微信的一种社交软件,03-25 07:29,03-25
0,该券商股干一番大事。几个月了数你不动,03-25 08:22,03-25
0,每次净流出五千股里面它跑在前三，每次都少不了它,03-25 08:22,03-25
0,静神998，继续出来，扮演你得小丑角色，画画图，再分析分析。,03-25 08:25,03-25
0,不争气的东西,03-25 08:42,03-25
0,3月22号A股三大指数收报:3048.03，9565.56，1869.17。两市成交额10973亿，比前日增加295亿。北上资金流出31.38亿，南下资金流入145.38亿。涨跌停家66/13，涨跌家889/4181。传媒，通信服务，其他电子，印刷包装板块涨幅居前。,03-25 08:42,03-25
0,3月29日周末年报高分红、高送转，基康仪器30cm等你来,03-25 08:42,03-25
0,。估值不到同在成长赛道创业板、科创板50%（动态市盈率中位数比较），而当前进场个人投资者达700多万户，公募基金达900多只，做市券商达16家。随着920新代码问世（彰显北交所三分足鼎地位），直接IPO推行（市值打新引资买入北A），转板公司出现（平衡估值），北A估值修复牛随时现身。,03-25 08:42,03-25
0,集邮式买入基康，必有数倍收获,03-25 08:42,03-25
0,亏的时候更要晒，不然有些人老是问我P图软件哪款。我还在，没有16不会走,03-25 08:48,03-25
0,“基康仪器”核电工程安全结构壳的安全监测，在过去20年市场占有率90%以上，是目前受到普遍认可的国内唯一制造商，“人造太阳”工程推进，或将迎来新的机遇！,03-25 08:57,03-25
0,A股三大交易所之一的北交所，当前上市公司245家，其中国家级专精特新小巨人企业123家，而累计总市值3842亿（流值1948亿），相当于主板一家中盘股,03-25 08:57,03-25
0,2023年10月公司完成回购计划，期间回购431万股，占公司总股本的3.0897%，支付金额为2942万元，大额回购彰显管理层信心。,03-25 08:57,03-25
0,基康仪器子公司取得中国合格评定国家认可委员会实验室认可证书。,03-25 08:57,03-25
0,大盘子股票！,03-25 08:57,03-25
0,我等着分红了,03-25 09:15,03-25
0,那个跌，跟那个板块，挺好,03-25 09:22,03-25
0,今天就怕要凉凉喽,03-25 09:25,03-25
0,牛,03-25 09:25,03-25
0,，，，，,03-25 09:25,03-25
0,完啦！真去下方回补缺口了！,03-25 09:26,03-25
0,又被套住了,03-25 09:28,03-25
0,跳空低开。。。关灯吃面,03-25 09:28,03-25
0,今天不会开盘直接跌停吧？,03-25 09:28,03-25
0,谢谢让我卖出，拜拜了，休息观战,03-25 09:29,03-25
0,同花顺可比吗,03-25 09:30,03-25
0,跟跌不跟涨的,03-25 09:30,03-25
0,的坏,03-25 09:30,03-25
0,2023年10月公司完成回购计划，期间回购431万股，占公司总股本的3.0897%，支付金额为2942万元，大额回购彰显管理层信心。,03-25 09:30,03-25
0,2023年10月公司完成回购计划，期间回购431万股，占公司总股本的3.0897%，支付金额为2942万元，大额回购彰显管理层信心。,03-25 09:30,03-25
0,又没督导你,03-25 09:30,03-25
0,20240325,03-25 09:31,03-25
0,同花顺现在对标的就是以前高增长的东财，这个已经完全没有成长性了。,03-25 09:33,03-25
0,没用了，跑了,03-25 09:34,03-25
0,太难了。,03-25 09:34,03-25
0,同花太强了,03-25 09:35,03-25
0,东财为什么股价这么低？,03-25 09:36,03-25
0,是中信被检查，又不是你？跌个,03-25 09:36,03-25
0,今天跌停趋势形成,03-25 09:38,03-25
0,"唱多研报一出，股价大跌前兆，A股市场定律。国元证券给予东方财富买入评级http://guba.eastmoney.com/news,300059,1409770091.html太平洋给予东方财富买入评级http://guba.eastmoney.com/news,300059,1409150678.html信达证券给予东方财富买入评级经纪两融市占率提升股权激励彰显发展信心http://guba...",03-25 09:38,03-25
0,你有投行业务吗,03-25 09:39,03-25
0,抢筹别手慢,03-25 09:40,03-25
0,券商开始杀盘了,03-25 09:41,03-25
0,券商就是个砸盘的货,03-25 09:41,03-25
0,5元上去的,03-25 09:41,03-25
0,踩了个大雷！,03-25 09:42,03-25
0,瞎了狗眼，卖了长安汽车买了你,03-25 09:42,03-25
0,坐等破20日均后清仓砸盘,03-25 09:42,03-25
0,伍个亿交易量流出一个多亿完蛋了吗,03-25 09:42,03-25
0,又开始了,03-25 09:44,03-25
0,看来要破13元了,03-25 09:44,03-25
0,如果能回到12元以下的话就接入,03-25 09:44,03-25
0,这60日线既然给跌破了。,03-25 09:44,03-25
0,两个点,03-25 09:45,03-25
0,东财一家公司都没保荐，没坑大家被中信证券连累了。,03-25 09:45,03-25
0,交易费用降低了，量化交易频率也降低了，IPO也逐渐减少了，证券收入降低那是必然的，大家要清楚地认识到现状，所以不要上头。但是证券板块占指数比重较大，如果证券板块一直下跌，对指数影响会较大。在证券业务降低的前提下，可以通过合并组建较大市值投行的这个契机，来稳定证券板块和指数。目前来看，如果要激...,03-25 09:46,03-25
0,可以见到12元了，别进入，未到底部,03-25 09:47,03-25
0,不割不补熬三年,03-25 09:47,03-25
0,这几天跟跌不,03-25 09:49,03-25
0,等会中信回去了你还回不去,03-25 09:49,03-25
0,哪位大神给解释一下为什么今年不再送股啦？,03-25 09:49,03-25
0,...,03-25 09:50,03-25
0,这股能到12元,03-25 09:51,03-25
0,中信倒了你不就当一哥了，加油,03-25 09:52,03-25
0,砸盘好轻松！,03-25 09:52,03-25
0,这股能到12元，稳健的现在不要加仓,03-25 09:54,03-25
0,跑吧！神仙来了也没用,03-25 09:54,03-25
0,久盘必跌,03-25 09:55,03-25
0,又开始下台阶一点一点大托单,03-25 09:56,03-25
0,还好开盘跑的快,03-25 09:56,03-25
0,大哥，冲一冲吧,03-25 09:56,03-25
0,中信倒下，难道不应该是利好？,03-25 09:56,03-25
0,东财呀怎么说你呢挣点气吧,03-25 09:57,03-25
0,谁买谁啥子，破12块，做双底,03-25 09:57,03-25
0,sb,03-25 09:57,03-25
0,30分钟流出2个亿！,03-25 09:58,03-25
0,周评的时候我说过的。周五不能高于13.73收盘。不然就麻烦了。周线级别的高位序列不是很好，容易短期就见顶，换句话来说牛市一浪空间有限，甚至根本就不是牛市一浪而是熊市反弹而已。所以主力资金还是有长期打算的。有兴趣的可以看看2017年到2021年的周线。每次周线级别的序列高位就代表着阶段高点。从控盘来讲，主力资金和我想到一块了。吹个牛了。不用当回事。本质就是指...,03-25 10:02,03-25
0,你们都跑了。我留下,03-25 10:03,03-25
0,13，29补一点。,03-25 10:03,03-25
0,空仓等待下跌到7块,03-25 10:06,03-25
0,下周一，5日、10日、20日线聚集；下周一30日金叉60日线；下周末60日线有向下变为走平。本周l，之前预判是平稳过度等财报，下周预判是企稳向上，最迟下下周向上突破直奔15。对2023年报我给予好评，同时我认为今年上半年将会出现拐点（业绩），,03-25 10:06,03-25
0,你没有任何ipo业务，管关你啥事？,03-25 10:08,03-25
0,会有一波大行情,03-25 10:08,03-25
0,严查中信，按理说利好优质券商，为啥你也跟跌？,03-25 10:09,03-25
0,不怕不怕啦,03-25 10:09,03-25
0,下月开始正式上长，这一周这个月费劲了，继续躺地。,03-25 10:12,03-25
0,为什么这么能跌,03-25 10:13,03-25
0,13.88。买在了高点上,03-25 10:13,03-25
0,别处赚的全给你赔了，太苦了，一堆概念，谁跌跟谁，真是太无语,03-25 10:14,03-25
0,一天全给你跌破,03-25 10:15,03-25
0,现在的市盈率同嘉信理财差不多了,03-25 10:15,03-25
0,请教，去年和今年东财保荐上市的有几家是破发的？破发率超中信的73%了吗？,03-25 10:16,03-25
0,周一再跌我就可以把之前卖飞的筹码买回来了，所以到底是让我买回卖飞的筹码还是把麻辣烤鱼（大份）还给我，财哥你自己看着办吧,03-25 10:16,03-25
0,证券为什么砸盘,03-25 10:16,03-25
0,本以为横盘这么久要突破了，没想到是我买崩了,03-25 10:18,03-25
0,早上借中信的东风打压了一拨，下午会不会诱多？,03-25 10:19,03-25
0,到处都是托！,03-25 10:20,03-25
0,解套遥遥无期,03-25 10:22,03-25
0,券商成了这几年的领跌指数了，每次跌都是券商带头,03-25 10:23,03-25
0,有点止跌企稳的意思了。,03-25 10:23,03-25
0,你跑什么，赶紧吸引中信流出资金才是嘛！,03-25 10:24,03-25
0,半导体都v起来了,03-25 10:26,03-25
0,啥时来个20,03-25 10:26,03-25
0,大盘红的你还是绿的,03-25 10:26,03-25
0,券商没一个好东西，涨不起来根源就在这,03-25 10:27,03-25
0,王者荣耀,03-25 10:27,03-25
0,sb,03-25 10:27,03-25
0,牛，被一哥带坑里了，算是被错杀。今天买入的必赚，可惜我上周五已满仓。,03-25 10:27,03-25
0,经过年前的大检查，合规合法。合情合理，基本无欺诈的良心网络营销。,03-25 10:29,03-25
0,中信被督导，这样跌也算了，这家伙也跌，不知道偷偷摸摸做了多少恶，,03-25 10:32,03-25
0,买了你真糟心,03-25 10:35,03-25
0,莎比保利开始拉了，指数要大涨,03-25 10:37,03-25
0,搞券商带头作用？,03-25 10:37,03-25
0,指数大涨，开始买买买,03-25 10:38,03-25
0,拭目以待,03-25 10:39,03-25
0,太弱了,03-25 10:39,03-25
0,中信被查掉3个点，这货也这样跌，也是坏事干多了没爆出来吗,03-25 10:40,03-25
0,中信被督导你也要跟着凑热闹？,03-25 10:40,03-25
0,散户太多了，估计12了,03-25 10:42,03-25
0,保利涨，指数涨，大盘涨个股涨，,03-25 10:42,03-25
0,中信已死，东财最好,03-25 10:47,03-25
0,妙想什么时候公测？,03-25 10:48,03-25
0,大盘红了，东哥你看着办,03-25 10:48,03-25
0,作为你们的统帅，我必须知行合一，14下只买不卖,03-25 10:50,03-25
0,真是无语,03-25 10:51,03-25
0,哎，没选三一，选了这个,03-25 10:51,03-25
0,卖了,03-25 10:52,03-25
0,大家都在骂某信证券，跟你又没有啥关系，你也是凑热闹,03-25 10:55,03-25
0,一大群散户加仓操底感觉捡到宝一样,03-25 10:56,03-25
0,托单必跌,03-25 10:57,03-25
0,不是完全券商，跌幅比纯券商还大。,03-25 10:57,03-25
0,中信已死，东财当立。岁在2024，天下大吉,03-25 10:58,03-25
0,没什么筹码，砸个嘛哈,03-25 10:58,03-25
0,股东回购到9.65元低价格筹码才会拉升上来,03-25 10:59,03-25
0,今年就是筑底的一年，明年再来,03-25 11:02,03-25
0,为什么不跌停，还在等什么,03-25 11:02,03-25
0,券商是真的惨，总是被翻旧账。,03-25 11:07,03-25
0,怎么回事,03-25 11:07,03-25
0,互联网板块升东财不是所属板块，互联网板块跌东财属互连网板块,03-25 11:08,03-25
0,散户集中营了……,03-25 11:09,03-25
0,这个股真不是一般的差劲,03-25 11:09,03-25
0,买招商蛇口，拓邦股份,03-25 11:10,03-25
0,磨世上，还券茅呢，垃圾差不多,03-25 11:12,03-25
0,你好牛，大盘没你牛，大盘小跌你大跌2点，大盘大涨你不涨，跟跌不跟涨，毛鬼,03-25 11:13,03-25
0,你又不参与IPO，跟到跌啥？,03-25 11:14,03-25
0,坚定看好妙想概念！,03-25 11:16,03-25
0,大盘不错呀，可是东财今天是什么造型？,03-25 11:18,03-25
0,把中兴干下来你做一哥,03-25 11:19,03-25
0,如果不懂的话劝你的投资指数,03-25 11:20,03-25
0,今天是要流出10个亿！,03-25 11:20,03-25
0,咋地走成破位了,03-25 11:21,03-25
0,下午开始机关枪模式，一顿突突突,03-25 11:21,03-25
0,如题,03-25 11:24,03-25
0,被中信害惨了，无语,03-25 11:25,03-25
0,全抛了,03-25 11:26,03-25
0,一个费物，就没有一天像样的涨,03-25 11:26,03-25
0,每次在东财赚点钱，总会在其他股上亏回来,03-25 11:27,03-25
0,最后三分钟来个惊喜啊！,03-25 11:31,03-25
0,今天房地产板块爆发，我的招商蛇口大涨，,03-25 11:35,03-25
0,冲啊,03-25 11:36,03-25
0,不知道咋说这只股票啦,03-25 11:41,03-25
0,无语了滴滴,03-25 11:43,03-25
0,取代中信~成为券商一哥~,03-25 11:45,03-25
0,没用的,03-25 11:48,03-25
0,高凤勇认为，北交所推进增量改革的空间更大，改革的边际效力更显著，对于激发市场活力，增强投资者信心的效果也会更好。预计未来一段时间北交所各项改革举措会更好地纳入统筹考虑，稳步推进，陆续落地。,03-25 11:50,03-25
0,一年前，中国最大的稀土供应商中国北方稀土（集团）高科技股份有限公司（下称“北方稀土”，600111）宣布，拟斥资近80亿元建设“中国北方稀土（集团）高科技股份有限公司冶炼分公司与华美公司原厂址及附近接壤区域绿色冶炼升级改造项目”。该项目剑指全球规模最大、技术领先、节能环保的稀土原料生产基地。,03-25 11:50,03-25
0,展望后市，中国银河证券发布研报显示，2024年，对于北交所板块投资，建议重点关注公司基本面良好，在募投项目顺利推进中具备高成长性的公司，以及公司经营稳健，持续盈利能力佳的高股息率公司。,03-25 11:53,03-25
0,北交所估值的洼地、政策的高地，小市值成长股的集聚地，更是700多万投资人的福地！,03-25 11:54,03-25
0,当前已入场700多万个人、900多只基金、16家做市券商，而流通市值仅1874亿，且前十大流通股占比通常在50%以上（相对稳定），在外流通可炒作筹码不到千亿，“僧多粥少”到时必将争得热火朝天、天翻地覆。,03-25 11:57,03-25
0,下午收盘在13.42元,03-25 12:10,03-25
0,绝望了,03-25 12:10,03-25
0,哈哈哈.13.29第二中队成交了。,03-25 12:14,03-25
0,明天千万别错杀东财，因为东财没有IPO保荐业务！,03-25 12:14,03-25
0,东财没有保荐业务，利好东财,03-25 12:17,03-25
0,趋势坏掉了！没有补救措施了。后面就是暴风骤雨的下跌了！等券商拉板块的都死了这条心吧！,03-25 12:20,03-25
0,这都多少天了～,03-25 12:21,03-25
0,13.29的价格我一卖，你马上拉升，跟我斗是吧！我很生气，下午开盘我就买入上证指数etf，有种你就继续拉升！亏了我也认了！我一般威力很大，买啥啥下跌，没有商量,03-25 12:21,03-25
0,今天中信证券把证券板块、东方财富拖下水。,03-25 12:27,03-25
0,上周三，你和600031几乎一样价格，盘中你还高几分钱，今天你被人家拉下一元四，幸亏没选你，选了它。,03-25 12:30,03-25
0,看分时60分钟完蛋了，又要大跌,03-25 12:30,03-25
0,你就是给散户炒股的，没啥风险，为啥也跌,03-25 12:32,03-25
0,牛市扛大旗，必靠券商，坚定持有,03-25 12:34,03-25
0,下午大盘一个点，你不跌行不,03-25 12:36,03-25
0,今年最错误的决定就是买了你这个货,03-25 12:37,03-25
0,13.89进的，套牢了，6千股,03-25 12:38,03-25
0,标题说的是120分钟级别的从14.36向下的完整回调波段，终究还是按照五笔结构来运行的，反映在快慢线的运行特征，就包含了快线三次远离DEA线向0轴方向下沉，对应了三笔下跌。而中间两次反抽靠拢DEA线尝试金叉都告失败而被空头夯退，演绎了“将金将吻一脚踹”的过程，对应的是2浪和4浪的反抽，高点分别是14.08和14.07元。但是这个周期的本轮回调总体上属于强势调整...,03-25 12:38,03-25
0,中信被督导，对东财绝对是利好,03-25 12:39,03-25
0,歇逼，今天一激动冲早了！应该再等等的,03-25 12:39,03-25
0,盯盘很多天，你以为它已经跌到底，你兴冲冲的全仓买入。嘿，它只是跌到了半山腰，你又一次鉴证了它的一路常绿。嘿，当你受不了，作为一个被割的韭菜，出货抛掉。嘿，它涨了。嘿，你只是一个被割的韭菜；嘿，他的跌与你有关，它的涨与你只是过客。股票啊、欲望啊！,03-25 12:40,03-25
0,大盘今天红，看你还跌不跌,03-25 12:40,03-25
0,又要二次探底了吗？,03-25 12:40,03-25
0,一季度业绩应该很好！怕什么！,03-25 12:40,03-25
0,希望中信能倒下去，那么中信的52万家人最起码能来三分之一东财，那么东财业绩就能很好的提升，少了个竞争对手就是对自己的最好的提升。。就好比前几天猪肉板块的那个啥倒下了，其他猪肉股全部上去了。。,03-25 12:50,03-25
0,拉涨停可以拿筹码，下跌有几个筹码，都是亏的,03-25 12:55,03-25
0,如果不懂做个指数投资也行，这个最简单有效,03-25 12:56,03-25
0,破位下行！无论东财怎么好也不会涨，一个散户扎堆的票，有主力拉升可能吗？本轮下跌没有结束，破12.5是大概率的，吴主席对券商本就熟悉，监管会更到位更严！即使上涨空间也有限，东财本年最高15左右！,03-25 12:56,03-25
0,内盘逃出太大了今天又是睡觉的一天,03-25 12:57,03-25
0,知道你做空可以赚钱但是又买不了融券,03-25 12:58,03-25
0,打到中信个老六，财富目标16元！,03-25 12:59,03-25
0,A股难道只能炒热点，炒题材，炒预期，炒垃圾，跟业绩没关系，公司的质地取决游资的热情。,03-25 12:59,03-25
0,只有上涨才赚钱，下跌机构也亏死你,03-25 12:59,03-25
0,你不是搞笑嘛？别人中信涨的时候你也没有涨。中信违规疯狂保荐。你连保荐业务都不做，跟着瞎起什么哄？,03-25 13:00,03-25
0,下午涨停板摸一摸16.26,03-25 13:08,03-25
0,董秘：东方财富：尊敬的投资者：您好，感谢您对公司的关注和支持。妙想金融大模型作为金融行业的垂直大模型，更加关注金融场景的垂直能力。,03-25 13:13,03-25
0,增持股份注销就是忽悠啥子，入场，之后套牢,03-25 13:13,03-25
0,董秘：东方财富：尊敬的投资者：您好，感谢关注。公司聚焦金融科技创新，公司自研金融领域大模型目前正按照主管部门相关要求推进大模型备案工作。公司始终坚持以用户需求为中心，持续加大研发投入力度，重点加强AI能力建设，在自然语言处理、图像识别、AIGC等方面取得了较大进展，不断提升科技赋能水平，进一步满足用户需求，优化完善一站式互联网财富管理生态圈。,03-25 13:15,03-25
0,一月涨得都不够你一天跌！！！,03-25 13:15,03-25
0,又买在最高点了唉,03-25 13:17,03-25
0,沉住气，坐等破13。,03-25 13:18,03-25
0,无量下跌还要跌。13.5破了看13能不能稳住。就是一个垃圾看看同花顺再看看你。,03-25 13:19,03-25
0,有利空先跑,03-25 13:19,03-25
0,我卖了，你可以涨啦！,03-25 13:19,03-25
0,不出意外，今天绝对是你的高光时刻，你定会绝地反击，一路前行，让我们分分钟回本。,03-25 13:21,03-25
0,感觉大盘在围着东财玩。东财上14就跌,03-25 13:25,03-25
0,想放弃了！,03-25 13:26,03-25
0,收盘13，50,03-25 13:33,03-25
0,10.03的机会就在不久之后到来，稍等两天！,03-25 13:34,03-25
0,先让子弹飞一会,03-25 13:35,03-25
0,继续加仓，A股不能没有东方财富，这是我们的家,03-25 13:36,03-25
0,14块钱的本，什么时候能回本？,03-25 13:37,03-25
0,砸砸砸。没有筹码了就大宗买来砸,03-25 13:39,03-25
0,每天2角稳如！,03-25 13:42,03-25
0,股，天天那么多铁头散户接盘，就这么想做主力听话的乖儿子吗？,03-25 13:44,03-25
0,争气点,03-25 13:44,03-25
0,我们自己还是要走自己的路。现在是不是不能说了，昨天发文建议说东方中信合并就被删了，难道这中信看到了不舒服了，自己是老大怎么能被人这么说，但实际上确实是中信那开的空单最多，你怨不了别人，这是东方大国的地方，做什么事要有我们自己的规则，西方经济学学得再好，也是外人玩剩下的，要不米米现在为什么这么横，我们还是要有自己的一些东西的，比如东方财富现在做的“妙想”金融大模型，一些交易规则或者是玩法我们说了算就...,03-25 13:49,03-25
0,券茅有毛用,03-25 13:49,03-25
0,可惜了13元没买到。过几天吧，等。天天挂,03-25 13:52,03-25
0,上涨开始，今日目标13.61,03-25 13:53,03-25
0,走了，留下的发财,03-25 13:54,03-25
0,无坚不摧，信用账户的操作，增加10%的股数是用来抵消手续费的,03-25 13:59,03-25
0,没有最低只有更低。是跌回去成立双底，还是继续破位挖坑创新低去？,03-25 14:01,03-25
0,被套的没有一丢丢脾气！,03-25 14:02,03-25
0,悄悄地我来了,03-25 14:03,03-25
0,破位了,03-25 14:06,03-25
0,清仓了，一身轻啊,03-25 14:15,03-25
0,2024.03.22日周五东财实盘记录。记录东财实盘操作情况，体会股市五味杂陈人生，吸取操作中的经验教训，争取早日解套盈利出局。美股又创历史新高，一片高歌猛进，可是我们的股市，依然是萎靡不振，就像是霜打的茄子一样蔫不拉几提不起气来。所以，对我我们已经在深套中的散户，除了割肉，继续补仓，做做差价降低持仓成本，或者满仓被套选择躺平等几种方式外，别无他法。...,03-25 14:17,03-25
0,已经梭哈了，成本13.48,03-25 14:20,03-25
0,13要破准备13买入,03-25 14:20,03-25
0,还差10元钱就彻底解套了！,03-25 14:22,03-25
0,坚决拥护T十1,03-25 14:23,03-25
0,今天必破13.2，托单必跌,03-25 14:25,03-25
0,今天，对券商来说，是利空！,03-25 14:27,03-25
0,中信证券的错跟东财毛线关系查一下内资一年流出了多少资金天天说北上资金砸盘谁砸盘自己没有数吗,03-25 14:29,03-25
0,满仓东财，每天就是打开账户看一眼，然后骂一声垃圾，两年了,03-25 14:30,03-25
0,上午低点入手的，还是大意了,03-25 14:31,03-25
0,有可能又要破13了,03-25 14:31,03-25
0,尾盘跳水？,03-25 14:34,03-25
0,又有年前那味儿了，唯一不同的是年前指数跟着下来，现在是指数维持的很好，个股可劲割，看来这一个月又骗了不少,03-25 14:36,03-25
0,要小心作文太集中，物极必反！月末人工智能集体高开低走，补跌。下月财报季，不少业绩露馅且消息面降温，去年的技术面共振波段结束,03-25 14:36,03-25
0,已破位，企稳点在12.5左右,03-25 14:36,03-25
0,想在东财挣钱，我呵呵呵呵,03-25 14:37,03-25
0,跌起来一马当先，什么玩意,03-25 14:40,03-25
0,买不完啊,03-25 14:41,03-25
0,来嘛，这货我看看还能腰斩不？,03-25 14:47,03-25
0,哪次都是最低点收盘，套牢一切抄底资金,03-25 14:48,03-25
0,13.5挂单都出不去了吗,03-25 14:49,03-25
0,没有跌停就冲进去,03-25 14:49,03-25
0,好,03-25 14:51,03-25
0,破13元,03-25 14:52,03-25
0,去年上证3040点时东财股票15元/股，今年上证3040点才13.30元，有多少股民亏钱？？,03-25 14:54,03-25
0,分析正确,03-25 14:58,03-25
0,最后一跌，黎明前的黑暗,03-25 14:58,03-25
0,你是真厉害,03-25 14:58,03-25
0,每月期货，斯权交割都不太平，控制和取消，到3500点之上在少部分开放。,03-25 14:58,03-25
0,谁在做空我财哥,03-25 15:00,03-25
0,今天跌完就跟最低点差7个点，666,03-25 15:00,03-25
0,抄100手看看,03-25 15:01,03-25
0,A股已回归常态化属正常走势。加油！,03-25 15:01,03-25
0,守仓半年多，成本16.0308元，劝君莫效防！,03-25 15:06,03-25
0,进来就埋了,03-25 15:07,03-25
0,感觉13又要破了，不知道你们是怎么预测的，说说看，谁预测的准,03-25 15:07,03-25
0,东财跌了，静神988也消失的无影无踪，也不装大师了，估计也被套住了。,03-25 15:08,03-25
0,差距也台大了吧,03-25 15:10,03-25
0,买东财是看每年送两股，今年没送。先砍一半,03-25 15:11,03-25
0,牛掰，回本后换股，不能玩这个了,03-25 15:12,03-25
0,斥巨资买入,03-25 15:14,03-25
0,不看位置，真像个圆弧顶,03-25 15:14,03-25
0,昨天上证最低砸到30周线3006附近，探底回升。今天看反抽的力度，如果今天能过3050-3060大概率自3090这笔下跌结束，如果过不去甚至都反抽不到3050就开始回落，那还得在减一点仓位，后面要跌破3000点，就看护卫队干活不干活和卖力不卖力了。银行保险昨天是卖力的，券商这和稀泥的玩意就非常的恶心人了，看看能否形成合理吧。目前的3090附近那点成交量不具备主力资金大举出货，所以后面还有机会过去...,03-25 15:15,03-25
0,大盘从春节前最低点已经上来三十多个点了，东财只上来十个点，真不知道它是怎么走着走着就废了的,03-25 15:15,03-25
0,这个是不是叫向下突破整理的平台？,03-25 15:17,03-25
0,盈利都没了，亏钱了唉,03-25 15:17,03-25
0,收盘满仓了，没办法了，肿了,03-25 15:18,03-25
0,没好，天天这个熊样！,03-25 15:20,03-25
0,久横必跌，东财盘子又大，真不该买入，买了也该逢高割肉，后悔了,03-25 15:23,03-25
0,跌破13建八分之一仓，到12.5再加仓，12元梭哈,03-25 15:23,03-25
0,中信证券，中国银河，东方财富同属证券板块，但市盈率最高的是东财，其估值过高，肯定是逐渐向真实价值回归的。,03-25 15:25,03-25
0,说明这一波基本是白涨了。那么只能算是诱多，绝对不是转势。,03-25 15:27,03-25
0,全是散户在接盘吗,03-25 15:30,03-25
0,券商牛b成功回到2600点，不服不行啊,03-25 15:31,03-25
0,买到就是套到,03-25 15:32,03-25
0,别的票有涨有跌，你咋就！我重仓的你拿2年半了亏20多个点！拿零头买点北汽3个月赚150个点！,03-25 15:41,03-25
0,这一跌，山水不相逢，后会无期。东方财富对于我来说还是有情义在的。虽然已退出股市了,03-25 15:41,03-25
0,跌起来这么快，涨的就这么慢，什么时候大A能买跌啊,03-25 15:41,03-25
0,12.5我入点,03-25 15:46,03-25
0,东财本来就没财的，13元必破，天天刷高人气博傻,03-25 16:00,03-25
0,这个分红方案，10股派0.4元，不跌才怪。,03-25 16:05,03-25
0,有一个规律，若破了13元闭上眼睛干,03-25 16:09,03-25
0,明天反包是大概率，之后创新高。,03-25 16:09,03-25
0,能到11.83不,03-25 16:13,03-25
0,明天还要跌，放心韭菜们,03-25 16:14,03-25
0,果然没让我失望,03-25 16:14,03-25
0,明天继续下跌，立贴为证，廉价筹码这么轻易给你了？给你的只会是套！,03-25 16:14,03-25
0,东财厉害，两天两个缺口，套散户的节奏。等第三个缺口再考虑是否继续补仓。如有行情，券商必涨。外面风险太大。最多创11.83新低，也就10%左右跌幅。,03-25 16:15,03-25
0,明天12.5,03-25 16:15,03-25
0,现在主力压根就没想着吸筹哇，还是想着做空躺赚的日子！,03-25 16:16,03-25
0,这波如果大盘急杀到2800，东财要破前低,03-25 16:19,03-25
0,今天彻底被套住了。,03-25 16:19,03-25
0,券商直接被中信玩塌方了这回不是空头大本营都说不过去了而且关键是券商的下跌趋势已经呈现出来没那么简单修复了,03-25 16:20,03-25
0,破位了，两天流出了十个亿,03-25 16:21,03-25
0,难道要探前低?,03-25 16:26,03-25
0,20的本这辈子还有希望妈？,03-25 16:29,03-25
0,明天我会在13块托单，最低打到12.86,03-25 16:51,03-25
0,研究T十0,03-25 16:58,03-25
0,没有一个看多的吗？日线分析明天会反弹，勿喷！,03-25 16:59,03-25
0,你有多大的雷啊，指数都跑不赢?,03-25 17:00,03-25
0,坚决拥护T十0,03-25 17:01,03-25
0,耐心等待东财最后一个跌停吧！,03-25 17:02,03-25
0,明天再加,03-25 17:09,03-25
0,上贴：《run》明天选择方向，我猜先向下，低开震荡走探底回拉或中阴。有冲高先Run，反抽也Run。上午3032附近干，午评有一笔反抽一点半至2点左右，3056颈线附近T出周四回贴暗示你们几次了，30分顶钝调30个点周四调，60分钟顶钝调60个点今天调完，还有9...,03-25 17:12,03-25
0,各种大模型都随便用了，你怎么还在内测？,03-25 17:14,03-25
0,可把中信高兴坏了，这次督导给了中信大空头挣钱的机会，是不是套路。,03-25 17:15,03-25
0,从来没有这么悲观过，包括疫情时候，年后大盘反弹这么多，个股最低点到现在基本都是上涨50%，唯独券商一直不动。也是瞎了眼，卖了长安汽车换了东财，大肉没吃到还挨了毒打，真是活该！,03-25 17:16,03-25
0,啥时候回本啊,03-25 17:23,03-25
0,太让人心寒了,03-25 17:28,03-25
0,东财我回来了,03-25 17:29,03-25
0,明天涨停，要么跌停！,03-25 17:32,03-25
0,走势特别像几年前90块的中国平安，大伙小心,03-25 17:42,03-25
0,没想到14都过不去,03-25 18:21,03-25
0,今天大盘虽然跌幅不大，但是题材股全线下跌，始料未及，损失惨重，明天观察20日线是否有效跌破。东财受到周末券商政策的影响持续走低，并且挑战前期的低位。早上看到券商低开不符合预期果断卖出，但是管不住手补进去另一只股也吃了面，重仓股也下跌6.6%。不过还是要维持乐观的心态，急跌不卖出，耐心持股，等待大盘调整到位后的大阳线，相信A股正在发生可喜的变化，至少相比八年前，...,03-25 18:18,03-25
0,见证东方财富从24元一路下跌,03-25 18:26,03-25
0,明天咋穿13我来接盘,03-25 18:27,03-25
0,职工激励13.75买。,03-25 18:46,03-25
0,万物自有周期，孤阴不生，独阳不长；阴极生阳，阳极生阴！股市投资亦如是！20世纪最著名的逆向投资大师约翰﹒邓普顿有句最广为人知的名言：“行情总在绝望中诞生，在半信半疑中成长，在憧憬中成熟，在希望中毁灭。”每一次熊牛大势转换的初期，新旧两种完全迥异的投资范式、交易策略和风险偏好开始切换，有时慢，有时快，有时无声，有时惊雷。这是每隔三五年就会来一次的周期性势能巨变。但天雨虽宽不润无根之草，佛法虽广不度无...,03-25 18:52,03-25
0,14.78本几个月了都不能回本。,03-25 18:55,03-25
0,证券股可能有惊天利空消息，明天要加速下跌了,03-25 18:58,03-25
0,上周五和今天共流出10多亿这是什么市道？,03-25 19:01,03-25
0,最垃圾的股票，没有之一！,03-25 19:05,03-25
0,典型的铁公鸡股,03-25 19:07,03-25
0,公告已出，需要折价10.2%，至11.85元。,03-25 19:13,03-25
0,合理估值7.56块,03-25 19:14,03-25
0,深交所你力度不够啊，在他眼里就是个点,03-25 19:16,03-25
0,在几家头部券商中，东方财富的盈利能力傲视群雄，可是股价表现却是最差的，东方财富的净利润率可达到73%，而中心证券净利率为37.2%，华泰证券的净利率36%，方正证券净利润率31.6%。前十大股东情况，东方财富的股本最多，前十大股东占比35%，中信证券前十大股东占比49%，华泰证券前十大股东占比51%，方正证券前十大股东占比74%。四家企业中，方正证券股本最少，最集中。四家企业在2022年均出现了不...,03-25 19:16,03-25
0,今天全仓买入.可能明天还要跌.可是从13.85清仓后一直等了那么久有点忍不住了.明天如果能13.5我就先撤.跌的话就删除软件不看了.等17清仓.不是说美股降息股市会好吗？就因为这我怎么也要熬到他降息,03-25 19:20,03-25
0,业绩持续下滑.....哈哈，散户们，好自为之吧。不怕被埋，就买吧。,03-25 19:21,03-25
0,董秘：东方财富：尊敬的投资者：您好，公司自主研发的“妙想”金融大模型正在内测中。感谢您对公司的关注。,03-25 19:23,03-25
0,董秘：东方财富：尊敬的投资者：您好，公司始终以用户需求为中心，不断完善产品和服务，提升用户体验，将不断为用户创造更多价值。感谢您对公司的关注。,03-25 19:28,03-25
0,声明：以下内容仅为个人思考复盘记录，不作为投资参考依据，切勿跟风操作。最近这些天的市场每次拉指数全是靠券商，可是每天都是冲高就回落，日内还是比较差，但是从连贯性来说，确实是相对比较有持续性了，一个地产，一个券商，这俩走的都相对比较连贯。这里如果看多券商的话也没啥问题，板块赚钱效应也还可以，低吸问题不大，别追高就好。如果券商能够继续带指数，带出赚钱效应，地产、汽车包括新能源这些还是有很大概率跟上的。...,03-25 19:31,03-25
0,东方财富耗费10亿资金回购自家股票并宣布注销，均价13.99元。东方财富回购结束已半年有余，目前股价13.17元。这可能是炒股界最冷的笑话：号称券茅的东方财富回购自家股票被严重套牢。这说明：炒股除了自己和自己的团队（如果有）谁都不要信，更不要相信任何付费炒股软件。别的公司回购被套可以理解，可这家被严重套牢的公司是券茅东方财富啊，主营业务是证券经纪。,03-25 19:36,03-25
0,"董秘：东方财富：尊敬的投资者：您好，感谢您对公司的关注。公司2023年度利润分派预案为：以公司未来实施权益分派股权登记日的总股本扣除公司回购专用证券账户内库存股后股份数为基数，向全体股东每10股派发现金股利0.40元（含税），预计分派现金631,421,699.00元。根据深圳证券交易所的相关规定，公司2023年度已实施的股份回购金额51,161.65万元视同现金分红，结合上述拟派发的现金红利63,142.17万元，2023年度现金分红总额为114,303.82万元，现金分红金额占2023年度归属于上市公司股东净利润的13.95%。本项议案尚需提交公司2023年年度股东大会审议。",03-25 19:38,03-25
0,董秘：东方财富：尊敬的投资者：您好，东方财富经过多年金融领域深耕，积淀了多元的金融业务场景，构建了完备的金融数据、产业数据等行业通用数据集，同时股吧、财富号等平台优质内容数据持续涌现，不断丰富平台的独家特色数据集，为妙想金融大模型提供高品质金融数据供给。感谢关注。,03-25 19:39,03-25
0,垃ji，现在股价对应上证2796，深证8499，看看落后指数多少了。弄个大模型，国泰君安的都发布了，磨磨唧唧就是不推出，浪费行情,03-25 19:43,03-25
0,董秘：东方财富：尊敬的投资者：您好，感谢您对公司的关注。《公司2023年度利润分派预案》及《关于调整回购公司股份用途的议案》尚需公司2023年年度股东大会审议通过后实施。,03-25 19:46,03-25
0,你也没有证券概念，你跌什么,03-25 19:47,03-25
0,董秘：东方财富：尊敬的投资者：您好，公司始终坚持以用户为中心，打造一站式互联网财富管理生态圈，持续深入财富管理生态建设，坚持科技赋能，创新驱动，通过智能化、数字化运营管理，推进业务全面数字化，全力打造全方位的财富管理服务体系，不断提升金融服务水平和综合竞争实力，力争成为领先的创新互联网券商。感谢您对公司的关注。,03-25 19:51,03-25
0,董秘我问问你咱现在有多少股东啊,03-25 19:55,03-25
0,董秘：东方财富：尊敬的投资者：您好，感谢关注。妙想金融大模型产品目前有APP和网页端两种形式。,03-25 19:56,03-25
0,还能回14吗,03-25 20:06,03-25
0,董秘：东方财富：尊敬的投资者：您好，公司将积极应对各项困难与挑战，迎难而上，保持战略定力，坚持长期主义，以用户需求为中心，持续加大研发投入力度，探索核心技术在财富管理行业数字化转型领域的应用，引领产品变革和服务升级，进一步巩固公司核心竞争优势，全方位推动公司高质量发展。感谢关注。,03-25 20:06,03-25
0,汇率对股市的影响非常大，近一段时间应引起投资者的重视。,03-25 20:11,03-25
0,算了，给财哥点面子吧,03-25 20:22,03-25
0,宁波云姐给予东方财富买入评级，13.5强支撑，放心进，今年业绩肯定好！,03-25 20:31,03-25
0,破位了吗？,03-25 20:31,03-25
0,收盘卖出了，明早低开低走买回,03-25 20:37,03-25
0,一哥果然名不虚传，把整个板块带坑里。佩服，佩服！还是那个观点，啊财被错杀。怎么下来就怎么上去。,03-25 20:38,03-25
0,居然没砸出恐慌盘，哈哈哈,03-25 20:43,03-25
0,记的吧里有位大哥买了800多万，今天一次不得亏20多万啊！一辆车没了！哎！,03-25 21:13,03-25
0,确实已经破位了，缺口不补就是压力位了，不知道能熬多久了，最近就这样了。,03-25 21:14,03-25
0,去年11月21日15.42买入看看今年11月能否到位14.012。什么时候到分红日？,03-25 21:17,03-25
0,股票一跌就想清仓，股票一涨就感觉像股神！,03-25 21:17,03-25
0,今天不好说。看中信已经无从谈起。东财还算好的。可也浪费了好多时间。其他己清。因庄家淸。畄下干啥。今年无牛。有牛才有券商。,03-25 21:23,03-25
0,11.85就干，和大宗交易保持一致,03-25 21:37,03-25
0,东财是金子，我相信,03-25 21:40,03-25
0,中信这事，对券商绝对是大利空。,03-25 21:51,03-25
0,13.17的位置买了87万,03-25 22:17,03-25
0,明天能反弹一个点吗,03-25 22:59,03-25
0,陆续可以买了，这位置应该是跌的越多越高兴！,03-25 23:10,03-25
0,今日东财早盘快速冲高去突破收敛三角形上轨，然而第一个60分钟放出大量后，随证券板块回落，三日k线成强势底分型，这根长上影到底是仙人指路还是避雷针呢？今日分时图开盘价13.76元小幅高开后快速冲高回落，下方三个高量柱依次缩短已经产生背离，但跌破均价线后一直在13.85－13.9元区间横盘震荡，且未跌破今日开盘价，显示主力依旧处于高度控盘状！关键的时候能熬得住，对...,03-25 23:11,03-25
0,现在有缺口了就说补不补吧,03-25 23:59,03-25
0,越套，人越多了，还扶得起吗？啊斗,03-26 00:19,03-26
0,问：东财进入发展瓶颈了，国内市场竞争激烈，近期东财是否有大的计划，促进公司发展，除了人工智能项目，有无并购计划？有无面向普罗大众的优秀财富管理计划？有无海外管理项目的发展？来自·深交所互动易答：尊敬的投资者：您好，公司将积极应对各项困难与挑战，迎难而上，保持战略定力，坚持长期主义，以用户需求为中心，持续加大研发投入力度，探索核心技术在财富管理行业数字化转型领域...,03-26 00:44,03-26
0,有没有发可转债？,03-26 05:37,03-26
0,从12.83开始上仓位,03-26 06:46,03-26
0,“妙想”金融大模型更加关注金融场景的垂直能力，贴心服务金融场景用户，前景广阔，三个涨停！,03-26 07:18,03-26
0,《千万不要晾底牌》许多东方财富的小股东有个坏毛病，喜欢晾底牌、晒帐户，这是无知的表现。个人账户是天大的秘密，这是主力一心想得到的信息，也是主力一心想偷看的底牌。难怪东财近年来一直上不去，原来我们东财许多股民喜欢给主力看底裤，我们小散户是不是应该改改这个坏毛病。言西早于连云港书。,03-26 07:27,03-26
0,20240326,03-26 07:30,03-26
0,明天到13元,03-26 07:32,03-26
0,转发,03-26 07:53,03-26
0,12.88再入3000股,03-26 07:59,03-26
0,过去，一条财经资讯与投资机会之间相隔多远？接收3分钟，阅读5分钟分析10分钟，选股30分钟...现在，随您所问1秒带您找到答案极速提升的背后是超1.2万亿金融语料的厚积薄发是超千卡算力集群3000小时的足时训练是千人产研团队奋战260余日夜的精益求精更有东方财富二十载的金融科技底蕴投资者您好东方财富携自主研发的妙想金融大模型带您身临其境！与您共赴内测之约！妙想金融大模型是东方财富重磅打造的金融行业...,03-26 08:05,03-26
0,下跌到7块不是梦！,03-26 08:37,03-26
0,去年8.28进来套到现在，咬牙扛过2635，眼睁睁看着大盘反弹几百点，它却无动于衷，今日一跌，心寒了，执念坑人不浅。,03-26 08:40,03-26
0,两市半天共成交8888亿,03-26 08:47,03-26
0,散户都在yy各种利好，然后安慰自己能解套，结果苦苦等了几年还是用新的利好续命，可怜！,03-26 08:51,03-26
0,那个什么牛说这月到17元，成天用公试数的那家伙，出来走两步？,03-26 08:53,03-26
0,东财总出现大宗交易，啥情况？的,03-26 08:53,03-26
0,看看中信证卷保荐的几只股票1.禾迈股份上市只发五十多元，它硬生生的做到五百多元，坐收1.7个小目标，超募的钱搞理财，在股市里搞出天大的笑话。2.天元宠物IPO股价49.99元，上市即破发，几年后不是腰斩而是脚斩，害苦一批股民。3.左江科技，从高点的300元下跌到现在的18元，由于财务造假，面临退市风险。,03-26 08:57,03-26
0,就券商大老爷们的表演今天,03-26 08:58,03-26
0,估计有86-95亿之间，应该不会太差，看今晚的表现了！明天来个20厘米！！！！,03-26 09:03,03-26
0,转发,03-26 09:06,03-26
0,这砸盘量太小了，连散户都砸不出来，估计没啥散户了，哈哈哈,03-26 09:07,03-26
0,今天又要跌多少啊？散户不跑，转融通就能把公司卖给你！这样的环境下不可能有牛市的！,03-26 09:07,03-26
0,今天大涨0.5元,03-26 09:09,03-26
0,大宗交易折价10%，就这么悲观嘛？,03-26 09:22,03-26
0,股价不涨，人气到很足，今天如果拉个十个点，人气应该排第一！,03-26 09:23,03-26
0,破三千是必定的。尽量先逃后下来2930左右再买进，不能守住不动，这样大亏！,03-26 09:24,03-26
0,2024.03.25日周一东财实盘记录。记录东财实盘操作情况，体会股市五味杂陈人生，享受心情跌宕起伏潮起潮落，一念天堂，一念地狱，也许这就是最多人在赔钱情况下还不离开股市的魅力吧。争取能够在一次次的失败操作下吸取教训，累积经验，力争在股市里能够解套，如果小有盈利，何乐而不为。可惜的是上周刚刚涨了一两天，然后又步入下跌状态，唉，散户太难了。期待能有所转...,03-26 09:25,03-26
0,又是拉稀摆带的一天,03-26 09:27,03-26
0,破13,03-26 09:28,03-26
0,今天必须突破13，东财加油！！！,03-26 09:33,03-26
0,快要起飞了,03-26 09:33,03-26
0,3000保卫战开始了,03-26 09:33,03-26
0,拉到25.68倍,03-26 09:34,03-26
0,会不会好点,03-26 09:34,03-26
0,高开跳水准备。,03-26 09:35,03-26
0,恨的我牙根都痒痒！,03-26 09:36,03-26
0,开盘即巅峰。继续砸,03-26 09:36,03-26
0,今天汇率大幅回暖了，压力瞬间消除了很多，北上资金也开始做多，盘中净流入超16亿元。A股整体还是不太强，午后还回落翻绿了，跳水A名不虚传。最近一直在反复强调，大盘基近期的具体操作还是选择低吸券商，因为如果如大家所愿今年股市能好一点，后面最直接受益的就是券商板块，前面连续5天成交超万亿了，看看今天能不能延续万亿成交，一直保持热度的话券商板块早晚能拉一波，时间的问题。具体定投选择的标的是券商ETF华夏（...,03-26 09:37,03-26
0,什么多可以买！就这样票不可以买！！买就亏,03-26 09:38,03-26
0,大家好，这里是虎哥，期待大家的互动及关注！首先是今天的持仓计划，下面是我的东财持仓剑桥科技（603083）：昨日早盘表现非常不错，但光通讯模块龙头光迅科技却在大幅调整，拖累剑桥出现冲高回落。值得留意的是，量能并未出现明显放大，在5日和10日、20日均线皆跟上的情况下，继续迎来上涨的概率会偏大，今天如果会出现调整可考虑将昨日li场的cang位再次买回来。恒为科技（603496）：昨天低开走出偏亮的...,03-26 09:39,03-26
0,东财你不该砸盘呀,03-26 09:40,03-26
0,上涨像蜗牛，下跌急先锋！,03-26 09:41,03-26
0,内资不砸盘，都没机会买入了。,03-26 09:41,03-26
0,必破13,03-26 09:42,03-26
0,我为东财举大旗看谁敢与他为敌,03-26 09:42,03-26
0,机构真是缺钱急用钱啊，要这样大幅折价了卖！,03-26 09:43,03-26
0,可惜了主力的几十个亿,03-26 09:43,03-26
0,阴跌板块龙头,03-26 09:43,03-26
0,东方财富真是牛逼大盘涨了，还能跌,03-26 09:43,03-26
0,拴柱！你可把爷害喽,03-26 09:45,03-26
0,来个涨停吧,03-26 09:45,03-26
0,这种不随大盘涨跌被资金彻底抛弃的股票你们是哪有脸去唱多的？,03-26 09:46,03-26
0,东方财富，从过了春节后还是跌的，搞笑了！,03-26 09:46,03-26
0,搞什么股？,03-26 09:47,03-26
0,全力配合主力砸盘！多头不死，股价不涨,03-26 09:47,03-26
0,不装了，摊牌了，开盘拉十五分钟，开砸！,03-26 09:49,03-26
0,东方财富,03-26 09:55,03-26
0,今天希望能探底回升。,03-26 09:55,03-26
0,今年最看好的股竟然是他，最不争气。操心了还生气又浪费了时间。反正清仓走了。,03-26 09:56,03-26
0,会跌倒9.9,03-26 09:59,03-26
0,满仓进城已完成，笑看潮起潮落,03-26 10:00,03-26
0,不懂啊，昨折价11买入，那这股价得破10吧,03-26 10:00,03-26
0,北向一直在卖出！几年了！,03-26 10:00,03-26
0,缺跌、不会涨的，放心,03-26 10:00,03-26
0,落后宁德时代太多太多了,03-26 10:00,03-26
0,蜗牛上跳台费劲跳水一瞬间还没水花,03-26 10:01,03-26
0,记住我说的话，我是来挣钱的，不是来解套的！！！！,03-26 10:01,03-26
0,继续说，那些妄想着在这里翻身的萨哔就是该！！套着吧，越来越深！！,03-26 10:02,03-26
0,13.1能拖住吗？,03-26 10:02,03-26
0,大宗必破，11买回，留100股记账,03-26 10:04,03-26
0,合计着回12.4,03-26 10:04,03-26
0,个人十大自选股，跌得挺狠。,03-26 10:05,03-26
0,重回3000点，资金比原来3000点时少了20%什么情况呀！,03-26 10:06,03-26
0,马上就涨,03-26 10:06,03-26
0,没希望走了，垃圾清理,03-26 10:07,03-26
0,今天破13已经无悬念了。说不定券商板块砸盘东财会带头跌的更多。,03-26 10:07,03-26
0,你划划水五分钱上下就行了，没必要这么卖力，你还没涨,03-26 10:07,03-26
0,蓝色的是恒生指数，看看国内的券商与外资之间的联动,03-26 10:07,03-26
0,你们天天要格局，我最近也格局了，事实证明没啥用！13.24都出少了,03-26 10:08,03-26
0,13以下再说吧。可以12.98挂点。,03-26 10:08,03-26
0,无法了。13挂单补点仓亏多了。。,03-26 10:08,03-26
0,什么搞财富？,03-26 10:08,03-26
0,加速啊，今天怎么没有倒一，这么强势,03-26 10:08,03-26
0,董秘：东方财富：尊敬的投资者：您好，“妙想”金融大模型聚焦于核心金融场景，不断优化金融垂直能力，正有序融入公司的产品生态。感谢您对公司的关注。,03-26 10:10,03-26
0,13要破。破了考虑,03-26 10:11,03-26
0,10元等你,03-26 10:12,03-26
0,查中信跟你有什么关系？你又没有保荐业务,03-26 10:12,03-26
0,真垃圾，后悔看上你,03-26 10:12,03-26
0,大家一起压盘，让空头主卖，最后多头拉升,03-26 10:16,03-26
0,能买吗？,03-26 10:16,03-26
0,同花顺已经4个点了,03-26 10:16,03-26
0,机构这样急着卖？,03-26 10:17,03-26
0,融券在做最后垂死挣扎，下来了买买。,03-26 10:17,03-26
0,还有15.5以上的兄弟姐妹吗，过来留个言打声招呼，再跌一点马上20个点没啦，真棒，看来远离股市是对的，老老实实买黄金存银行比啥都强,03-26 10:17,03-26
0,今天跟那个版块！晕！天天跌,03-26 10:19,03-26
0,我那几千手压不住盘，大家一起来,03-26 10:20,03-26
0,这种均线是什么排列？后市会如何发展？,03-26 10:20,03-26
0,想不通你还能排名67,03-26 10:22,03-26
0,发不发行新股和你一毛钱关系都没有，主要市场一天上万亿的成交金额就可以。,03-26 10:23,03-26
0,比中信跌的还猛，为什么呢？,03-26 10:24,03-26
0,前几天哪些研报呢，咋不出来叭叭了！,03-26 10:25,03-26
0,是不是做空,03-26 10:25,03-26
0,14元进入，昨天又出来，做数字游戏,03-26 10:28,03-26
0,破13元是必然的，大家一定安看大宗交易价。要时刻记得这个价位！,03-26 10:29,03-26
0,13以下来接盘吧,03-26 10:31,03-26
0,空头尽了，多头抢筹,03-26 10:32,03-26
0,牛来了，来几十个涨停，从此股民过上幸福快乐的生活，立字为证,03-26 10:33,03-26
0,2024.03.26周二东财实盘记录。记录东财实盘操作，吸取当中的失败和成功经验及教训，争取提高自己的投资水平，能解套就满足，如果侥幸获利，那更难能可贵。昨天补仓已深套，今天无话可说，静静的看着你跌。每天拍红花也没见股票涨，今天拍个绿花君子兰，看看股票是否随着。,03-26 10:35,03-26
0,这股被股吧里有钱人、各路大神玩废了，专治不服，现在不跟创业板，看看宁王涨了多少，就龟缩着跟券商板块，太磨叽。,03-26 10:35,03-26
0,证券今天已经压不住了，爆发吧！谁也阻挡不了了！,03-26 10:35,03-26
0,涨到3100点，这费物还是13元,03-26 10:36,03-26
0,券商股涨百分之二十都有理由。,03-26 10:36,03-26
0,13.15元收盘！,03-26 10:36,03-26
0,好几个月没看到这个票跑赢券商指数了,03-26 10:37,03-26
0,我16.70的成本啊！,03-26 10:37,03-26
0,2023年到今雪铃铃的事实告诉我们不T真的赚不到钱，逼着我们天天交易做投机，希望价值出现就是微光,03-26 10:39,03-26
0,13以下在建仓,03-26 10:40,03-26
0,应该差不多了，下午去调20万丢进去,03-26 10:43,03-26
0,分红不行，预期没有，各大基金抛售，股价喋喋不休,03-26 10:45,03-26
0,东财23年分红方案比以往经历少了转股，且分红很少，留着利润能有更好的投资收益吗？像伯克希尔哈撒韦，从不分红把市值越做越大。目前的股价估值20-30PE之间，处于鸡肋价，前景如何？要讲个故事了。,03-26 10:47,03-26
0,卖了卖了,03-26 10:48,03-26
0,这货盘子太大，得多大资金拉不,03-26 10:50,03-26
0,这一波区间反弹涨了5个点，差到无语,03-26 10:51,03-26
0,干么跌下来这么容易，涨上去这么难,03-26 10:52,03-26
0,周期股逆势走强，地产板块表现不俗，TMT热门题材全线退潮，AI应用方向集体下跌，Kimi、Sora概念股领跌。中证2000指数跌2.79%，万得微股盘指数跌2.69%。恒生指数跌0.29%，恒生科技指数跌0.79%。国债期货跌幅收窄，30年期主力合约跌0.26%。。龙兄抓龙几个号被关小黑屋了，这个还不知道什么时间被核，在这里玩的实在没啥意思了，我将会在新的场地再接再厉，不知道在那的支付宝找龙兄抓龙...,03-26 10:53,03-26
0,买入西部证券。,03-26 10:53,03-26
0,快下来，13.01,03-26 10:53,03-26
0,13.14？,03-26 10:54,03-26
0,外资连续流出折价交易散户套牢盘太多继续看跌13.要破。不信走着看。破13再考虑。,03-26 10:55,03-26
0,今天买酒可以，券商股是抛弃对象,03-26 10:57,03-26
0,买股要买上升渠道的不要买下跌通道的。因为下跌通道没底。,03-26 10:58,03-26
0,毕中信跌的多,03-26 11:00,03-26
0,托单太多还要跌不能买记住破13再考虑。,03-26 11:00,03-26
0,北向重仓的股，不可为之。下降通道了。短期规避了,03-26 11:00,03-26
0,财富缩水玩命砸吧,03-26 11:01,03-26
0,11.85又有人买了,03-26 11:03,03-26
0,放心了。到11又买，太高了。。,03-26 11:07,03-26
0,要想上3100证券在目前位置要涨6个点，如果3100都站不上就说明就市失败，上面是不允许这种事发生的，跟着上面走没错，所以安心拿稳,03-26 11:08,03-26
0,13.86入手2100股，待吃肉,03-26 11:08,03-26
0,午盘到13,03-26 11:08,03-26
0,没有最低，只有更低,03-26 11:08,03-26
0,券商持续下跌，银行在稳步上涨，其他股票也在下跌，斗争很激烈,03-26 11:08,03-26
0,成为做空的工具,03-26 11:09,03-26
0,今天缩量严重，钝刀子割肉开始了,03-26 11:09,03-26
0,前几天不是众多大神分析诊断。都说本月看好17块多吗？,03-26 11:09,03-26
0,破位了，没涨多少，前几天的研报唱多就是大跌前兆,03-26 11:09,03-26
0,要破新低？出奇的弱，就开盘象征性的抖一下,03-26 11:10,03-26
0,我18块多的本，不知道啥时候才能回来,03-26 11:12,03-26
0,抛了点，留底仓。,03-26 11:12,03-26
0,股票全靠北向资金。。。。。应该没人反对吧,03-26 11:12,03-26
0,转发,03-26 11:12,03-26
0,我没有买这个股，但是在我印象中，这个股一直在降啊,03-26 11:13,03-26
0,托单必跌，可以跑一跑了，等跌破13块再看看,03-26 11:14,03-26
0,一天又一天，天天往下走，何日是个头。,03-26 11:14,03-26
0,又跳水了，跑啦,03-26 11:14,03-26
0,东方财富,03-26 11:16,03-26
0,多头强筹,03-26 11:18,03-26
0,跌不完，真的跌不完！,03-26 11:20,03-26
0,还有哪个下跌缺口没补的？,03-26 11:22,03-26
0,券商启动了！,03-26 11:22,03-26
0,已经满仓,03-26 11:23,03-26
0,转发,03-26 11:24,03-26
0,看看大单杂的多开心，从没有也不想着改变下跌的趋势。,03-26 11:24,03-26
0,大哥涨一下，快补不动了,03-26 11:25,03-26
0,分红方案令人非常失望！,03-26 11:26,03-26
0,什么叫久盘必跌，东财日K线是个标准示例。看来转融券也应禁止，而不是T+1,03-26 11:28,03-26
0,看样子要打到13以下了,03-26 11:34,03-26
0,销户声，耳边环绕,03-26 11:37,03-26
0,公司回购的股票已经快亏一块钱了,03-26 11:42,03-26
0,每天都是几个亿流出能涨吗,03-26 11:42,03-26
0,买不完卖不完,03-26 11:45,03-26
0,唉，16元多的本，什么时候回本，熊途慢慢，，，，,03-26 11:47,03-26
0,三只乌鸦，深不见底的跌。,03-26 11:49,03-26
0,今年无牛。高手说了券商不动何以说牛,03-26 11:51,03-26
0,大盘没得说，现在买什么都是错。空仓也难受，我就再加二成东财吧。,03-26 12:03,03-26
0,最近中信证券被推上了封口浪尖上，原因是联纲光电这个新股上市审核时，因为实控人持股比例较高。联纲光电在回复这一问题时，提到有8家已上市公司上市前持股比例均高于90%的情形，分别是鼎龙科技、振邦智能、丰茂股份、华融化学、美硕科技、威力传动、银河微电、浩欧博，并且指出它们均已成功上市。中信证券作为保荐机构，出具的核查意见与联纲光电回复内容一致，顿时引起了大家的热烈讨论。中信证券既有保荐业务，也有券商业务...,03-26 12:10,03-26
0,什么情况啊,03-26 12:13,03-26
0,13不见，12再见,03-26 12:16,03-26
0,两天内见12开头，13短时间再也不见,03-26 12:23,03-26
0,顺势而为，不要和趋势做对，下午必破13,03-26 12:25,03-26
0,寝食难安夜不能寐食不知味,03-26 12:38,03-26
0,加点仓，这次的目标是烤全羊,03-26 12:41,03-26
0,必须要突破13，便于大家加仓摊低成本,03-26 12:58,03-26
0,说一种猜测，全当缓解焦虑。中芯这轮牛市大概会涨到190。推测方法很简单暴利，95*2=190。主要参照标的是东方财富，上一轮牛市，东财高点比15年差不多涨了2倍，对比东财，目前中芯的位置大概在18年11月的位置，不要想着跌破40，更不要想跌破前面的36，概率微乎其微，接下来两周可以验证一下是否会跌破44，如果跌破上面低位假设就不成立，就是无聊的废话了。自己会在...,03-26 12:58,03-26
0,有人想大笔的拿低价筹码！我也加点,03-26 12:59,03-26
0,买多点，套多点，哑巴吃黄连有苦说不出！,03-26 13:02,03-26
0,11.83会破吗？拭目以待,03-26 13:03,03-26
0,打不过，唯有加入,03-26 13:04,03-26
0,现在不买券商，等待何时？,03-26 13:06,03-26
0,搞证券还有没有底线？,03-26 13:08,03-26
0,你是真的没有底线,03-26 13:10,03-26
0,赶快清仓！！！！,03-26 13:11,03-26
0,大宗交易11.85是不是买入了他们就可以13块多卖出？,03-26 13:13,03-26
0,从最高34块多买入，到目前为止已加仓16次，有没有人加仓比我还多的，出来报个到,03-26 13:14,03-26
0,中信都快红了你还在跌就是一个垃圾。,03-26 13:14,03-26
0,每天收在最低点牛逼,03-26 13:14,03-26
0,啥时候能到17啊,03-26 13:15,03-26
0,大宗交易是有买有卖，买家价格低于股价那么多，卖家也愿意折价卖吗？,03-26 13:17,03-26
0,继续回购注销吧，如果高分红早涨起来了,03-26 13:18,03-26
0,13破了就奔12.5了减仓,03-26 13:20,03-26
0,来，你有本事跌破11块给我们看看，这么墨迹有啥意思？主力你认为在东财里的散户大多会被这么点波动洗走么？？？？,03-26 13:20,03-26
0,继续干趴13元,03-26 13:20,03-26
0,下去，还不是要上来，呵呵,03-26 13:21,03-26
0,就是票了,03-26 13:21,03-26
0,日线周线龙头排列，下跌中，先看12.8再看11.8,03-26 13:22,03-26
0,13必到……,03-26 13:22,03-26
0,怎么一下子跌这么多,03-26 13:22,03-26
0,分红那么底都要卖掉了吗？,03-26 13:23,03-26
0,破13再看,03-26 13:24,03-26
0,破13买，大啥子，做双底，破12,03-26 13:24,03-26
0,每次日线死叉，都得好好调整一下,03-26 13:25,03-26
0,老乡别走马上就拉,03-26 13:28,03-26
0,无量下跌，砸啊,03-26 13:29,03-26
0,随你怎么跌，就不交筹码，且耐我何？硬抗到底,03-26 13:30,03-26
0,都是套牢盘，哪有恐慌盘，呵呵,03-26 13:31,03-26
0,空头气盛横穿,03-26 13:33,03-26
0,远离弱势股,03-26 13:33,03-26
0,继续跌,03-26 13:33,03-26
0,主力每天都流出，根本不看好,03-26 13:33,03-26
0,很丝滑,03-26 13:34,03-26
0,明天27号，逢7必涨，希望股能涨过14元，解套了一定要像扔垃圾一样把这个股扔掉。,03-26 13:35,03-26
0,坐等下跌到7块，不到7块不进场！,03-26 13:36,03-26
0,13元的保卫战打响,03-26 13:38,03-26
0,大盘破3000，你破13,03-26 13:39,03-26
0,外资进内资走我笑了,03-26 13:39,03-26
0,中信证券都红了,03-26 13:39,03-26
0,我13.03以为抄到底了。没想到半山腰。又套牢了。,03-26 13:39,03-26
0,这股票真是太好了,03-26 13:40,03-26
0,破3000点就靠你了！,03-26 13:42,03-26
0,中信两天都有没有你跌的多，抄！,03-26 13:42,03-26
0,$11.83会破吗？拭目以待,03-26 13:42,03-26
0,还是空头力量大,03-26 13:43,03-26
0,给个“妙想”的验证码吧,03-26 13:43,03-26
0,磨蹭一个多月，三天就没了，你是龙头还是嘘头！涨不过板块，涨不过大盘，骗多少散户为你接盘，你真垃,03-26 13:45,03-26
0,没有高增长的东财还不如中信,03-26 13:47,03-26
0,妙想都不看好,03-26 13:50,03-26
0,中泰,03-26 13:51,03-26
0,中信红了,03-26 13:52,03-26
0,证券一哥都红了！！,03-26 13:53,03-26
0,不要怪东子了，真的是散户太多带不动啊，庄家也不敢随心所欲的洗，只能放弃了,03-26 13:54,03-26
0,到现在创业板反弹25点，这货5—6个点，服了，天天砸盘，真的是离谱给他蚂离谱开门,03-26 13:54,03-26
0,换中信吧，中信都红了,03-26 13:54,03-26
0,争口气吧，东哥！,03-26 13:55,03-26
0,沦为做空的筹码！天天砸盘,03-26 13:55,03-26
0,昨天被中信证券拖累，今天被同花顺拖累，明天又要被谁拖累？,03-26 13:55,03-26
0,不到9.65元筹码主力是不会拉升,03-26 13:56,03-26
0,犹豫不前！,03-26 13:58,03-26
0,最起码这东方财富有自己的大模型，值得拿住别卖，倒是有大模型的股价值观不止这。。。。,03-26 13:59,03-26
0,看着我那500股？一卖就涨？,03-26 14:00,03-26
0,市值在50-300万市值的散户，重视价值股投资和绩优成长股投资相结合，即保障了收入又寻求资本增值。,03-26 14:01,03-26
0,证券这么差了吗？以前的高光时刻呢？,03-26 14:01,03-26
0,指数红了，这货就是不想涨,03-26 14:03,03-26
0,散户太多了，每次冲高，都是逃跑机会。,03-26 14:03,03-26
0,建议换中信,03-26 14:07,03-26
0,主力的成本可能在每股8元钱，大股东的成本可能每股4元钱，散户的成本每股16元钱，怎么玩呀？,03-26 14:08,03-26
0,收盘回13,03-26 14:10,03-26
0,13没有成交，,03-26 14:11,03-26
0,明天有可能新能源板块接力暴走护盘,03-26 14:12,03-26
0,妙想的内测使用体验？好用吗？流畅吗？,03-26 14:12,03-26
0,AI+金融，下一个炒作标地，助攻大盘上3200,03-26 14:13,03-26
0,比中信差多了,03-26 14:14,03-26
0,山东中泰,03-26 14:14,03-26
0,这次如果上去了就洗盘比较彻底了,03-26 14:14,03-26
0,所有板块红，你在干嘛,03-26 14:17,03-26
0,正好涨了8分钱。大盘红了你真神。把你当风向标吧。财富不行。,03-26 14:17,03-26
0,14.21能解套？,03-26 14:23,03-26
0,赶快清仓东财！,03-26 14:23,03-26
0,不知道啥时候能到60,03-26 14:24,03-26
0,从月线看，基本趋势未改，方向向南,03-26 14:27,03-26
0,创业板跌时都打头阵，涨时都没你啥事，无语了,03-26 14:30,03-26
0,进场,03-26 14:30,03-26
0,人家的票都是有涨有跌再看看这不是要唱空以前还可以这三年简直了,03-26 14:31,03-26
0,中信都涨了，你咋不涨还跌呢？,03-26 14:32,03-26
0,卖不完卖不完,03-26 14:37,03-26
0,白玩一天了,03-26 14:39,03-26
0,红一分喜极而泣,03-26 14:41,03-26
0,低位利空就是进场的时候,03-26 14:41,03-26
0,昨天换了招商蛇口，真的太对了,03-26 14:41,03-26
0,已经成长到饱和了未来不会怎么样了股价就这样了,03-26 14:41,03-26
0,谁再说这货是龙头，我第一个跟他过不去！！！,03-26 14:42,03-26
0,到底是中信利空，还是你DC利空啊，板块中信都翻红了，你还在磨叽磨叽,03-26 14:42,03-26
0,交易的本质：“低进高出，高出低进”。,03-26 14:42,03-26
0,开盘经典小T9分钱血赚450元btc这边昨天说了牛市回调不要怕今天加5万大家收获怎么样,03-26 14:43,03-26
0,大部分券商都红，你算那个盘块的,03-26 14:43,03-26
0,红一下都不敢了,03-26 14:45,03-26
0,抛压也太大了吧。绵绵不绝的,03-26 14:45,03-26
0,啥也不说了，65我就卖了,03-26 14:47,03-26
0,东财的散户太可怜了每天就盼着能红盘就感觉积德了,03-26 14:49,03-26
0,慢慢等吧，看年底能否上14，这货绝对能做到,03-26 14:52,03-26
0,二十年了，如果这次亏损离场，可能再也不会进入股市了,03-26 14:52,03-26
0,按操作计划，准备在12.9元下方再加仓。,03-26 14:53,03-26
0,中信都红了,03-26 14:53,03-26
0,妙想大模型对东方财富的利润增长具有显著的推动作用。首先，通过提供高质量的服务，它增加了用户粘性，提高了用户付费意愿。随着用户满意度的提升，东方财富的订阅收入和服务收入有望持续增长。其次，妙想大模型还能够为东方财富提供精准的广告投放和营销策略，增加广告收入和推广收入。最后，通过数据挖掘和分析，妙想大模型还为东方财富提供了宝贵的市场洞察和数据服务，有助于其拓展业务...,03-26 14:55,03-26
0,啥也不是。,03-26 14:55,03-26
0,大家都是什么感觉,03-26 14:55,03-26
0,这股不能张！！！！涨价要出问题,03-26 14:56,03-26
0,今天割东财，进中信,03-26 14:58,03-26
0,高看你了,03-26 15:00,03-26
0,我爱东财1生1一世,03-26 15:00,03-26
0,主力就是好，米多，想怎么砸就怎么砸，想怎么拉就怎么拉！,03-26 15:01,03-26
0,收：1314，套你一生一世没商量,03-26 15:01,03-26
0,1314,03-26 15:01,03-26
0,到我的击球区了，果断挥杆击打。,03-26 15:01,03-26
0,东财真的不错呀，我看盘看资讯都是用东财，还可以看评论。东财一定得上20,03-26 15:02,03-26
0,13.13哈哈,03-26 15:02,03-26
0,今天就这样了！明天会破13！明天可以接盘了,03-26 15:02,03-26
0,好担心被套,03-26 15:02,03-26
0,哈哈！1314赞,03-26 15:04,03-26
0,跌就加涨就做T,03-26 15:05,03-26
0,买你都不如买证券etf,03-26 15:07,03-26
0,我的评价：不如中信,03-26 15:07,03-26
0,如下图所示：近五日资金是流入的，昨天更是创纪录的流入了4.2亿！！！这些金资金进去是打埋伏的，结合今天传统的红色星期五（周末博消息的资金比较多，一般周五尾盘都是拉红），今天大概率会站上站稳14块平台，下周一发力向上！！！,03-26 15:10,03-26
0,这股每天只能这样降本，2700多点的时候，这股就是这个价，如果大盘再跌到2700，这个股估计到10元以下了。,03-26 15:11,03-26
0,要想抓到一个牛股，市值还真不能太大，像这种里面大户实在太多，不能同心同德一直往上走，都是捞一把就走。,03-26 15:12,03-26
0,一生一世，,03-26 15:16,03-26
0,果断加仓，这么好的上车机会，满上,03-26 15:17,03-26
0,啥时候能到60啊,03-26 15:17,03-26
0,今天跟那个版块，,03-26 15:17,03-26
0,满仓，坐等吃面！,03-26 15:18,03-26
0,13.14收盘，其实就是要套你一辈子,03-26 15:21,03-26
0,12.23满仓买入，明天收钱,03-26 15:22,03-26
0,收盘价套你一生一世,03-26 15:24,03-26
0,可惜没子弹，不然全拿来加餐！！！,03-26 15:25,03-26
0,大家现在的成本是多少，我14.8的成本算不算高,03-26 15:27,03-26
0,现在网上一片看空的声音，怎么办？,03-26 15:29,03-26
0,今天大盘全天触底回升，但仍旧未回到20日均线3040左右。盘面上主要是以银行股为代表高息股的反弹。题材方面还是弱势，处于调整之中。今天金融银行股的强势，证券股也有筑底迹象，明天大盘有望结束调整，回到20日均线以上的正常上升区间。后市仍旧看好冲击3100年线的行情。东财方面，今天筑底态势明显，后续可能还有反复，但预计本周内会完成筑底，下周开展进攻15元年线行情。...,03-26 15:31,03-26
0,跟韭菜来什么浪漫，亏得一踏糊涂,03-26 15:47,03-26
0,今天收在13.15到13.17最好,03-26 15:48,03-26
0,中信都比你强,03-26 15:50,03-26
0,很久很久没有实盘了，如今来到东财实盘，也是想激励一下自己，目前账户金额为45万（实为44.77万元），计划在四年内做到5000W，自己努力吧！,03-26 16:20,03-26
0,东方财富一生一世,03-26 16:23,03-26
0,股指、期货、期权一个月交割三次，发达资本市场都不敢这么玩！这做空机制也太发达了，哎，咋个就这么难！再跌一波，市场情绪又要崩溃了…,03-26 16:26,03-26
0,持有这股既浪费时间，又影响身体！自从买了这票，心情就没有好的时候！,03-26 16:28,03-26
0,到3月8日就整整两年了，还没有走出这个泥沼，自从2022年2月份在均价32.50元满仓82300股后，账户显示持仓成本24.41元，那时候认为股价不会跌破30元，傻傻的等翻身，可惜股价开始一路下跌，居然跌破了30元，居然跌破了28元，3月8日26元了，实在不想抗了，于是制定了一套割肉换流动的操作策略，决定不再抗了，一路割肉换流动盈利转...,03-26 17:09,03-26
0,14元东方财富今年的大顶,03-26 17:09,03-26
0,转发,03-26 17:10,03-26
0,东方财富APP搜“年账单”，解锁你的2023年投资成就~,03-26 17:31,03-26
0,此贴只吹牛，不能作为炒股依据哦。,03-26 17:37,03-26
0,"13.03补了一部分本来13.18向T出的，觉得还是低位就没T,是不是贪心了",03-26 17:39,03-26
0,确定了爱你哟非要套在东方的财富里1生1世躺几年能等到33.44呢,03-26 17:47,03-26
0,企稳回升....不惧空军,03-26 17:47,03-26
0,资金低吸新能源去了，高低切,03-26 17:53,03-26
0,干,03-26 18:03,03-26
0,开盘半小时，证券板块集体走弱，可见中信证券启动现场督导对市场产生了一定的影响。短期内，市场对此产生了一定的反应，包括对相关公司的股价波动以及投资者对市场的观望态度等，长期来看对于A股市场的健康发展是具有积极意义的。,03-26 18:08,03-26
0,当错误发生的时候我们所需要做的就是买定离手！价格越低其实对于机会主义者来说会更好！,03-26 18:09,03-26
0,万物自有周期，孤阴不生，独阳不长；阴极生阳，阳极生阴！股市投资亦如是！20世纪最著名的逆向投资大师约翰﹒邓普顿有句最广为人知的名言：“行情总在绝望中诞生，在半信半疑中成长，在憧憬中成熟，在希望中毁灭。”每一次熊牛大势转换的初期，新旧两种完全迥异的投资范式、交易策略和风险偏好开始切换，有时慢，有时快，有时无声，有时惊雷。这是每隔三五年就会来一次的周期性势能巨变。但天雨虽宽不润无根之草，佛法虽广不度无...,03-26 18:11,03-26
0,作为贵司的小小股东，对你们近期的表现很不满意。希望贵司知耻而后勇。,03-26 18:25,03-26
0,看到有财友关心老韭还在不在。老韭一直在的，而且耐力超过机构。只要敢下来，老韭会一直买,03-26 18:37,03-26
0,快快快，房产翻倍行情来了，移驾房地股,03-26 18:53,03-26
0,东方财富，爱你一生一世，1314，来几十个涨停吧！,03-26 18:59,03-26
0,彻底绝望了。连中信都不如。这是何等的尴尬。哎。这成本，想要回本。怕是到死也不行吧。,03-26 19:05,03-26
0,中信都红了，你还在水下游荡,03-26 19:25,03-26
0,券商股不行啊，卖了。祝留下的发财,03-26 20:05,03-26
0,人性从未改变，无论国内机构还是外资都如此，我相信当东财3000亿总市值的时候，这些人又都会哭天喊地来抢，而当现在价格是白菜价的时候他们都是看不清的，历史从未改变。按照我们最新的m2以及gdp总量来算，东财至少是1万亿规模才是合理的，这也是东财高层本次注销的深层含义吧。,03-26 20:06,03-26
0,1314，你猜主力想说什么？他说的是你这辈子也别想再看到这么低的价格了。明天开始券商保险银行暴力拉升，带动大盘进攻3200。时间就在一周内。,03-26 20:08,03-26
0,中信明天带带小财,03-26 20:08,03-26
0,昨日（3月25日）券商板块跟着大盘的调整同步回调。我持续定投的券商ETF华夏(515010)昨日回调3%，好在今天收红，而我在昨天也逆势买入一笔，抄底成功！我还发现，虽然昨天跌了，但是大资金逢低进场，昨天该ETF的场内份额是增加的！消息面上，日前三部门联合发布《划转充实社保基金国有股权及现金收益运作管理暂行办法》，根据《办法》，划转的国有股权分红收益可以...,03-26 20:26,03-26
0,今天没破13.明日交割日继续等.不破不进.看你啥时候能到,03-26 20:39,03-26
0,妙想还是很好用的,03-26 20:40,03-26
0,股价日周月线都跌破了平台，短期不要指望上涨，各种利好研报都是图劳的，不对勿喷,03-26 20:40,03-26
0,复盘日期：3月26日大盘略缩量/低开震荡小幅反弹，收盘MA20均线之下创业板略缩量/低开震荡小幅反弹，收盘MA20均线之下【缩量小幅震荡，成交不足万亿，上下二难，适合苟着】盘面思路（new）：指数继续调整3000点虚晃一记银行&中字护盘午后有惊无险但成交量已经降下来了市场风险偏好也下降进入3月下旬有传言不让公募参与游资方向股票有风格漂移公募要回归今天低位电池异外大涨和前期热点，AI和飞行汽车低迷倒...,03-26 20:42,03-26
0,庄股，一分不值,03-26 20:49,03-26
0,转发,03-26 22:28,03-26
0,转发,03-27 06:50,03-27
0,13.23元满仓，明天大盘看涨,03-26 21:29,03-26
0,昨天全仓买入，今天被套。等待看多。,03-26 21:31,03-26
0,老夫掐指一算，明天至少涨两个点,03-26 21:36,03-26
0,看来东财近期股价上不了100了,03-26 21:40,03-26
0,为啥一买进就想暴涨呢？多空博弈是残酷的哈，谁能发现个股潜力才是高手！,03-26 21:46,03-26
0,讨论区喋喋不休,03-26 21:49,03-26
0,希望东财好起来,03-26 21:49,03-26
0,五一过后14元,03-26 21:57,03-26
0,可以用啦,03-26 21:58,03-26
0,日结单,03-26 22:03,03-26
0,恭喜中国队！,03-26 22:04,03-26
0,明天就到11.85元,03-26 22:07,03-26
0,跟预期一样，大盘高位横盘结束，近期走势波动会加大,03-26 22:13,03-26
0,机会～史上最强～广电计量～核污水4月到来，核污水防治，土壤修复，食品安全检测刻不容缓～国企改革～低空经济飞行汽车～机器人，芯片～先进封装～有望成为新的妖股～重点关注！,03-26 22:16,03-26
0,我以前用过一个聊天软件，上面有个Aⅰ智能叫啥Aⅰ狗蛋挺好用的，很长一段时间我都和她聊天，有时她打字，有时也发语音，使我一度怀疑人生，这真的是太智能了，后来忍不住问她才知道原来压根就是真人扮的，何其有幸，当时我刚好离异，深陷抑郁症中不能自拔，幸好有Aⅰ狗蛋陪伴，真好,03-26 22:22,03-26
0,以后就基本上发技术帖归技术帖，主要给出我的对市场的一些及时的看法。但是为了方便和整洁起见还是基本上会保持评论限制。但是我考虑到有的时候还是可以跟朋友们一起随便聊聊。这样，我们就搞一个发呆/闲谈/唠嗑群。这次是第一期，以后定期换贴。当然依然还是只限关注人群。非关注不能评论。不礼貌的，骂人的，讽刺的，依然直接拉黑。桃林路上主要看桃花。目前才开始，就有接近一个月的花...,03-26 22:25,03-26
0,底部十字星，冲啊,03-26 22:25,03-26
0,解套也就20厘米，一天的事！这天要等到猴年马月吗,03-26 22:25,03-26
0,被这个辣椒耽误了大行情，我恨,03-26 22:27,03-26
0,明天大跌,03-26 22:28,03-26
0,明天继续下跌,03-26 22:35,03-26
0,大摩最新让获利了结！明天又是腥风血雨！,03-26 22:38,03-26
0,今日涨停复盘涨停64家，跌停20家（略）。新股：无、ST2家：ST熊猫、ST金时、新能源汽车产业链：兴欣新材、新亚制程、野马电池、日丰股份、星云股份、联明股份、海马汽车、汇得科技、联创股份、璞泰来、时代万恒、永太科技、华丰股份、固态电池：科森科技、丰山集团、丰元股份、天赐材料、众源新材、三祥新材、红豆股份、新纶新材、小米汽车：创新新材、凯众股份、津荣天宇、奥联电子、三联锻造、低空经济：华生科技...,03-26 22:50,03-26
0,今日，A股整体探底回升，盘中上证指数一度跌至3006点，与3000点关口仅一步之遥，好在尾盘回暖逐渐拉升翻红，最终沪指微涨0.17%，创业板指涨0.44%，两市成交跌破万亿元，缩量至9600亿元，连续6天成交超万亿被终结。板块层面，小米汽车概念爆发，电池、房地产、汽车零部件板块涨幅居前，牛股大面积退潮，AI概念股集中的游戏、互联网、软件、通信、影视等板块跌幅居前，煤炭板块大跌超2%。标杆股热点不断...,03-26 23:10,03-26
0,13.14。。一生一世，这是想套我一生一世么,03-26 23:14,03-26
0,1314，一生一世追随东财了,03-26 23:14,03-26
0,大事不好了！明天东财很可能要涨停！根据A股的足球效应，国足难得的赢了一场，股市不得不涨！,03-26 23:16,03-26
0,13.88能让我解套吗，解套就走人,03-26 23:17,03-26
0,今年分红不送转了吗？,03-26 23:21,03-26
0,券商走成这样。还不知道有没有见底。更不指望反弹了,03-26 23:23,03-26
0,炒东方财富不如去同花顺,03-26 23:25,03-26
0,散户集中营,03-27 00:06,03-27
0,上周我其实讲过，如果我是大资金控盘，我宁愿等过了这周三以后再拉升。几个原因：第一，上周不能强势。不然就周线序列高6了，不利于后面拉升。第二，周三前压制厉害。期权双向收割模式。主力资金会尽量在三月份中位数附近交割。我在昨日的一个留言里面也谈过沪深300这个月交割的情况。第三，拖几天，把空头消耗，以后方便拉升。牛市一浪周期计算也清楚。目前上涨12日，回调18日。m...,03-27 00:52,03-27
0,还我烤鱼,03-27 00:59,03-27
0,22年3月4日建的仓，仓位越补越重，直到现在还套着。再坚持三个半月，若还是不了16，只能忍痛割爱了。(),03-27 03:57,03-27
